MiniLab	11/14/2023	1:21:46 PM	

Time (sec)	T1 (C)	T2 (C)	T3 (C)	T4 (C)	P1 (psig)	P2 (psig)	P3 (psig)	P4 (psig)	Fuel Flow  (gal/hr)	RPM	Thrust (lbs)
441.708	42.171	45.162	48.443	38.860	0.000	-4.987	-5.002	-0.500	-0.002	-36.691	0.003
442.708	41.963	45.204	48.553	39.004	0.000	-4.984	-5.001	-0.500	-0.003	-55.700	0.106
443.710	41.833	45.209	48.569	39.032	0.000	-4.984	-5.001	-0.500	-0.003	-55.975	0.134
444.710	41.779	45.189	48.569	39.065	0.000	-4.985	-5.001	-0.500	-0.003	-51.971	0.176
445.709	41.576	44.994	48.494	39.255	0.000	-4.979	-4.993	-0.500	-0.001	-65.278	-0.367
446.710	41.594	44.864	48.288	39.088	0.000	-4.985	-4.995	-0.500	-0.001	-34.927	-0.322
447.710	41.536	44.885	48.258	39.062	0.000	-4.987	-4.996	-0.500	-0.002	-30.996	-0.225
448.709	41.319	44.745	47.581	38.505	-0.002	0.031	0.230	0.041	-0.049	-1099.755	9.868
449.710	41.278	44.785	47.723	39.063	-0.002	0.032	0.229	0.040	0.001	-1099.618	9.898
450.709	41.131	44.983	47.933	38.349	-0.002	0.031	0.230	0.040	0.001	8.778	10.512
451.709	41.132	44.964	48.012	39.475	-0.002	0.031	0.230	0.040	0.001	6.934	10.323
452.709	41.282	44.797	47.300	38.690	-0.002	0.030	0.228	0.040	0.001	10.258	10.305
453.709	41.127	44.998	47.856	38.568	-0.002	0.033	0.230	0.040	0.001	8.463	10.477
454.711	41.196	44.969	47.522	39.113	-0.002	0.033	0.228	0.040	0.001	8.463	10.513
455.710	41.480	44.755	47.508	38.584	-0.002	0.031	0.227	0.039	0.002	10.291	10.164
456.710	41.463	44.954	47.797	38.838	-0.002	0.032	0.228	0.039	0.001	12.717	10.593
457.711	41.584	44.698	47.695	38.766	-0.002	0.033	0.229	0.039	0.001	6.732	10.040
458.711	41.668	44.905	47.848	38.968	-0.002	0.034	0.228	0.039	0.001	12.564	10.598
459.713	41.763	44.754	47.431	39.226	-0.002	0.036	0.231	0.040	0.001	4.539	10.107
460.713	41.897	44.822	47.618	38.297	-0.002	0.034	0.230	0.040	0.001	5.284	10.210
461.713	42.140	44.675	47.262	38.795	-0.002	0.033	0.230	0.040	0.001	8.794	10.146
462.714	42.099	44.773	47.404	38.870	-0.002	0.036	0.231	0.040	0.001	6.068	10.142
463.714	42.355	44.769	47.052	38.425	-0.002	0.033	0.230	0.040	0.001	9.126	10.237
464.715	42.435	44.733	47.514	38.734	-0.002	0.034	0.230	0.039	0.001	9.530	10.043
465.717	42.362	44.845	47.817	39.001	-0.002	0.036	0.231	0.039	0.001	4.709	10.142
466.716	42.575	44.707	46.964	38.244	-0.002	0.034	0.230	0.040	0.001	10.485	10.193
467.716	42.492	44.769	48.023	39.087	-0.002	0.036	0.233	0.040	0.001	4.992	10.090
468.716	42.458	44.822	47.685	38.759	-0.002	0.036	0.233	0.040	0.001	6.246	10.180
469.716	42.509	44.998	47.624	38.792	-0.002	0.037	0.233	0.040	0.001	11.391	10.556
470.716	42.588	44.746	47.540	38.806	-0.002	0.037	0.234	0.040	0.001	7.767	9.973
471.716	42.443	44.901	47.717	38.281	-0.002	0.036	0.233	0.040	0.001	8.827	10.339
472.716	42.682	44.839	47.286	38.465	-0.002	0.034	0.230	0.040	0.001	14.982	10.370
473.717	42.586	44.699	47.280	38.223	-0.002	0.037	0.232	0.040	0.001	6.877	10.051
474.717	42.603	44.972	47.940	38.514	-0.002	0.037	0.232	0.040	0.001	13.381	10.555
475.718	42.655	44.942	47.867	38.662	-0.002	0.036	0.231	0.039	0.001	13.987	10.519
476.717	42.757	44.742	46.961	39.017	-0.002	0.037	0.232	0.040	0.001	12.483	10.234
477.717	42.701	44.921	47.921	38.863	-0.002	0.038	0.233	0.039	0.001	7.670	10.331
478.717	42.899	44.701	47.212	38.090	-0.002	0.036	0.232	0.040	0.001	9.627	10.061
479.718	42.805	44.770	47.776	38.699	-0.002	0.039	0.235	0.040	0.001	7.079	10.146
480.717	42.851	45.024	47.216	38.410	-0.002	0.040	0.240	0.040	0.001	14.804	10.620
481.717	42.725	44.719	47.419	38.463	-0.002	0.059	0.254	0.042	0.001	32.560	10.095
482.717	42.466	44.631	47.279	38.864	-0.002	0.080	0.277	0.045	0.001	4209.597	9.998
483.717	42.127	44.761	47.823	38.737	-0.002	0.108	0.300	0.049	0.001	5250.635	10.671
484.718	41.637	44.273	47.343	39.097	-0.002	0.135	0.329	0.051	0.001	6553.170	10.234
485.718	40.928	44.209	47.371	38.697	-0.002	0.163	0.355	0.053	0.001	7652.482	10.509
486.719	40.435	43.841	46.946	39.301	-0.002	0.187	0.377	0.054	0.002	8551.822	10.748
487.718	39.747	43.395	46.989	39.464	-0.002	0.207	0.398	0.057	0.001	9257.639	10.310
488.719	39.032	43.342	47.307	39.386	-0.002	0.223	0.414	0.059	10.086	9798.947	10.675
489.719	38.585	43.012	61.478	40.832	0.016	0.379	0.573	0.071	10.087	10293.589	11.090
490.720	37.812	42.464	167.410	50.037	0.031	0.508	0.701	0.079	8.015	12164.094	10.627
491.719	37.440	42.686	299.854	59.614	0.048	0.660	0.845	0.087	7.849	14010.088	11.135
492.720	36.861	42.527	431.100	68.419	0.069	0.867	1.062	0.103	7.845	15598.768	10.786
493.720	36.287	42.419	550.904	80.128	0.093	1.167	1.357	0.153	5.896	17644.605	11.053
494.719	35.742	42.603	648.647	102.675	0.122	1.610	1.793	0.210	-0.049	20667.600	11.290
495.719	35.314	42.798	720.162	136.967	0.093	2.175	2.368	0.276	2.712	24478.986	11.795
496.720	35.060	43.561	772.704	181.821	0.042	2.963	3.143	0.364	10.086	28718.069	12.373
497.721	34.717	44.696	816.266	230.872	0.069	4.026	4.203	0.467	3.892	33701.410	12.271
498.722	34.302	47.190	843.220	272.362	0.117	5.477	5.621	0.584	3.722	39490.396	12.675
499.722	33.704	50.310	850.027	312.677	0.187	6.977	7.110	0.698	3.692	45751.563	13.028
500.721	32.987	54.674	838.684	339.286	0.224	7.694	7.827	0.777	3.645	49579.828	12.939
501.722	32.187	59.240	818.213	357.481	0.249	8.054	8.186	0.808	3.750	51531.372	13.489
502.721	31.786	62.851	790.375	371.897	0.253	8.030	8.153	0.803	3.782	52125.568	13.645
503.722	31.364	65.517	760.884	383.142	0.248	7.860	7.979	0.784	3.712	52187.264	13.647
504.724	31.042	67.000	734.757	390.190	0.240	7.589	7.715	0.768	3.633	51517.402	13.343
505.725	30.643	67.840	711.609	397.106	0.232	7.264	7.402	0.735	3.603	50702.511	13.024
506.725	30.281	68.481	693.612	401.591	0.221	6.912	7.032	0.698	3.672	49731.661	13.317
507.724	30.165	68.574	678.965	405.725	0.214	6.661	6.794	0.666	3.622	48730.856	13.414
508.725	30.006	68.450	670.897	408.595	0.208	6.539	6.683	0.659	3.726	47980.977	13.382
509.726	29.974	68.156	668.495	412.503	0.204	6.551	6.696	0.662	3.643	47680.523	12.947
510.726	29.706	68.433	670.454	416.939	0.204	6.756	6.890	0.678	3.792	47906.307	13.029
511.726	29.682	68.651	678.222	421.201	0.211	6.994	7.132	0.707	3.802	48624.889	12.944
512.726	29.647	69.523	686.512	425.537	0.210	7.216	7.347	0.727	3.862	49280.934	13.407
513.728	29.622	70.390	694.990	430.053	0.224	7.550	7.687	0.759	4.072	49859.801	13.562
514.727	29.627	71.502	704.425	435.560	0.237	8.021	8.154	0.803	4.076	50680.775	13.461
515.727	29.555	72.935	717.272	441.758	0.261	8.864	8.986	0.866	4.083	52134.191	13.820
516.729	29.549	75.111	739.563	447.961	0.286	9.547	9.664	0.930	4.332	54456.081	14.062
517.728	29.474	77.699	754.372	453.078	0.312	10.045	10.159	0.992	4.272	56021.321	14.438
518.729	29.313	80.152	764.282	458.670	0.329	10.809	10.911	1.070	4.492	57351.459	14.382
519.728	29.319	83.036	775.991	464.123	0.357	11.480	11.606	1.122	4.562	59149.707	15.014
520.728	29.307	85.648	778.818	469.309	0.376	11.642	11.767	1.145	4.712	60397.724	14.952
521.728	29.098	88.032	775.799	474.266	0.369	11.490	11.618	1.132	4.630	60518.325	14.733
522.728	29.065	89.689	768.268	477.333	0.365	11.341	11.463	1.113	4.532	60151.475	14.662
523.729	29.219	90.847	765.156	480.137	0.365	11.221	11.336	1.101	4.402	59864.488	14.833
524.729	29.078	91.740	765.460	483.012	0.358	11.086	11.202	1.085	4.262	59663.659	14.912
525.728	29.168	92.294	766.038	484.868	0.356	11.027	11.126	1.083	4.452	59496.052	14.569
526.728	29.006	92.864	767.701	486.882	0.355	10.997	11.091	1.075	4.362	59347.746	14.687
527.728	28.866	93.242	767.787	488.791	0.352	10.931	11.035	1.063	4.352	59180.988	14.502
528.730	28.890	93.647	766.779	490.112	0.350	10.857	10.962	1.073	4.334	59129.048	14.722
529.729	28.787	93.835	767.333	492.031	0.351	10.810	10.900	1.055	4.332	58954.508	14.158
530.730	28.712	94.494	769.041	493.304	0.347	10.789	10.885	1.064	4.332	58890.321	14.743
531.729	28.634	94.800	769.130	495.801	0.348	10.766	10.855	1.056	4.342	58803.541	14.539
532.730	28.510	95.097	767.809	496.861	0.344	10.880	10.980	1.063	4.272	58739.871	14.548
533.730	28.495	95.383	770.015	498.909	0.354	11.116	11.216	1.082	4.502	59226.392	14.280
534.729	28.392	96.107	770.401	501.019	0.360	11.218	11.323	1.084	4.363	59584.677	14.725
535.730	28.541	96.622	768.235	501.450	0.363	11.282	11.377	1.101	4.363	59776.276	14.451
536.730	28.384	97.509	766.298	503.352	0.363	11.286	11.392	1.128	4.382	59876.144	14.953
537.730	28.430	98.049	763.572	503.827	0.365	11.239	11.350	1.128	4.302	59886.968	14.777
538.730	28.649	98.457	760.935	504.981	0.365	11.247	11.350	1.135	4.232	59922.730	14.728
539.731	28.628	98.816	759.215	505.175	0.368	11.217	11.324	1.126	4.252	59916.898	14.471
540.733	28.725	99.400	757.934	505.205	0.362	11.210	11.316	1.120	4.352	59900.711	14.967
541.732	28.728	99.517	756.552	505.574	0.362	11.186	11.273	1.124	4.292	59817.094	14.475
542.733	28.686	99.853	755.797	505.920	0.359	11.130	11.233	1.115	4.212	59776.608	14.559
543.733	28.736	100.062	754.598	506.532	0.359	11.169	11.268	1.122	4.232	59761.813	14.694
544.733	28.835	100.486	755.469	506.561	0.360	11.153	11.256	1.115	4.272	59745.691	14.981
545.733	28.723	100.706	754.355	507.012	0.360	11.178	11.267	1.114	4.212	59740.279	14.939
546.734	28.602	100.912	755.098	506.582	0.357	11.180	11.277	1.121	4.222	59728.801	14.725
547.734	28.567	101.194	754.966	506.868	0.359	11.178	11.282	1.121	4.311	59717.427	14.831
548.735	28.676	101.432	756.563	506.809	0.362	11.173	11.262	1.122	4.262	59731.033	15.185
549.735	28.622	101.624	756.866	506.854	0.359	11.175	11.266	1.120	4.162	59729.367	14.892
550.735	28.753	101.644	758.905	506.634	0.361	11.176	11.278	1.130	4.142	59739.001	14.609
551.735	28.719	101.942	759.731	506.135	0.354	11.174	11.279	1.131	4.282	59753.537	14.971
552.734	28.687	101.954	759.681	506.397	0.358	11.183	11.284	1.131	4.213	59816.730	14.692
553.736	28.665	102.123	759.323	506.324	0.358	11.177	11.288	1.128	4.252	59807.257	14.614
554.735	28.620	102.181	758.636	506.112	0.359	11.173	11.270	1.114	4.225	59806.772	14.561
555.735	28.440	102.607	759.718	505.839	0.361	11.164	11.268	1.117	4.241	59792.648	14.838
556.736	28.718	102.678	760.597	505.808	0.352	11.179	11.281	1.123	4.172	59794.590	14.913
557.735	28.777	102.771	761.929	506.278	0.356	11.192	11.295	1.111	4.272	59801.773	14.677
558.735	28.771	102.982	762.403	506.137	0.361	11.232	11.325	1.128	4.212	59827.165	14.909
559.736	28.661	103.039	762.051	506.023	0.363	11.215	11.326	1.112	4.212	59862.175	14.511
560.735	28.496	103.299	760.681	506.733	0.360	11.216	11.323	1.115	4.202	59861.414	14.680
561.735	28.610	103.389	760.142	506.233	0.364	11.228	11.324	1.110	4.227	59911.340	14.878
562.735	28.559	103.440	760.898	506.575	0.363	11.217	11.317	1.111	4.212	59914.722	14.491
563.735	28.582	103.519	759.927	506.449	0.365	11.213	11.308	1.115	4.102	59923.466	14.487
564.735	28.613	103.702	760.010	506.247	0.362	11.209	11.306	1.110	4.062	59917.585	14.583
565.737	28.581	104.057	760.974	506.161	0.359	11.183	11.280	1.113	4.212	59913.694	14.794
566.737	28.880	104.102	761.281	506.256	0.361	11.218	11.312	1.113	4.262	59922.075	14.608
567.737	29.105	104.384	761.352	506.251	0.365	11.191	11.288	1.102	4.142	59950.298	14.905
568.739	29.307	104.667	762.427	506.405	0.359	11.180	11.273	1.110	4.237	59948.906	14.965
569.738	29.507	104.746	764.204	506.423	0.365	11.194	11.290	1.101	4.212	59948.437	14.734
570.738	29.634	104.834	764.733	506.358	0.361	11.195	11.292	1.117	4.122	59950.597	14.532
571.740	29.625	104.901	765.934	506.293	0.364	11.229	11.340	1.110	4.212	59958.646	14.535
572.740	29.367	105.001	765.812	507.163	0.364	11.270	11.369	1.100	4.172	60037.199	14.528
573.741	29.394	105.057	765.659	506.638	0.360	11.281	11.373	1.102	4.122	60089.010	14.498
574.741	29.463	105.332	766.539	505.865	0.364	11.301	11.396	1.108	4.191	60093.896	14.820
575.741	29.306	105.144	766.403	506.430	0.362	11.318	11.412	1.109	4.185	60095.862	14.646
576.740	29.175	105.168	765.141	506.699	0.364	11.307	11.408	1.104	4.122	60100.942	14.596
577.740	28.955	105.170	764.434	505.853	0.360	11.307	11.414	1.112	4.162	60083.963	14.601
578.741	28.705	105.219	764.905	505.836	0.359	11.281	11.370	1.104	4.242	60068.391	14.697
579.741	28.628	105.385	764.364	505.152	0.368	11.294	11.389	1.099	4.172	60063.125	15.055
580.740	28.726	105.205	763.397	505.667	0.366	11.334	11.422	1.102	4.192	60063.424	14.747
581.741	28.594	105.221	763.552	504.918	0.362	11.307	11.397	1.102	4.162	60080.031	14.518
582.742	28.324	105.454	763.600	504.664	0.366	11.303	11.391	1.094	4.312	60086.939	14.892
583.744	28.468	105.290	763.655	505.050	0.368	11.345	11.435	1.114	4.172	60120.817	14.538
584.745	28.555	105.362	763.519	504.229	0.365	11.316	11.419	1.110	4.203	60134.487	14.780
585.744	28.479	105.421	763.258	503.644	0.366	11.333	11.430	1.114	4.102	60133.905	14.550
586.745	28.490	105.693	762.716	503.972	0.367	11.345	11.436	1.103	4.122	60149.930	15.205
587.744	28.441	105.789	762.470	503.450	0.369	11.335	11.413	1.101	4.162	60163.349	15.078
588.744	28.430	105.761	762.305	503.425	0.364	11.377	11.464	1.109	4.129	60174.626	14.891
589.745	28.445	105.656	761.711	502.581	0.364	11.353	11.445	1.105	4.072	60208.956	14.729
590.746	28.374	105.603	761.306	502.951	0.364	11.374	11.471	1.103	4.222	60205.777	14.882
591.745	28.374	105.836	760.758	502.789	0.368	11.347	11.437	1.116	4.262	60220.782	14.977
592.745	28.383	105.759	761.979	502.270	0.366	11.362	11.452	1.112	4.132	60216.697	14.659
593.745	28.310	105.712	762.329	502.587	0.369	11.373	11.475	1.114	4.032	60212.685	14.491
594.746	28.220	106.047	763.447	501.794	0.366	11.356	11.443	1.111	4.071	60225.798	14.925
595.745	28.388	105.836	762.540	501.369	0.368	11.381	11.472	1.105	4.106	60231.873	14.677
596.746	28.151	106.031	762.511	502.008	0.365	11.380	11.473	1.106	4.292	60232.398	14.667
597.745	28.363	105.918	761.519	501.071	0.366	11.364	11.463	1.110	4.122	60263.024	14.645
598.747	28.281	106.199	761.690	501.195	0.365	11.367	11.473	1.109	4.122	60256.787	15.044
599.746	28.395	106.095	761.266	501.343	0.368	11.387	11.479	1.108	4.242	60259.958	15.048
600.748	28.255	106.015	761.006	500.969	0.361	11.380	11.467	1.113	4.202	60251.198	14.611
601.748	28.352	106.151	761.487	500.333	0.368	11.357	11.445	1.102	4.115	60264.480	14.935
602.747	28.385	106.121	761.206	500.650	0.366	11.376	11.467	1.104	4.163	60262.102	14.873
603.747	28.399	106.143	762.403	500.484	0.370	11.369	11.467	1.111	4.223	60265.143	14.604
604.747	28.317	106.467	762.388	500.613	0.365	11.389	11.481	1.102	4.192	60273.418	15.069
605.747	28.382	106.432	761.958	499.731	0.366	11.388	11.479	1.100	4.232	60282.163	15.231
606.747	28.340	106.293	761.272	500.159	0.368	11.384	11.467	1.109	4.082	60274.858	14.534
607.747	28.370	106.269	760.342	499.834	0.365	11.380	11.474	1.112	4.102	60287.469	14.772
608.747	28.331	106.340	759.571	499.952	0.374	11.368	11.463	1.096	4.171	60302.564	14.629
609.748	28.251	106.606	760.159	499.973	0.369	11.420	11.507	1.110	4.132	60310.208	14.997
610.747	28.423	106.601	760.355	499.373	0.370	11.434	11.519	1.122	4.132	60326.823	15.093
611.749	28.341	106.433	759.951	499.671	0.368	11.416	11.507	1.117	4.112	60324.178	14.687
612.749	28.360	106.452	758.870	499.485	0.371	11.396	11.490	1.115	4.112	60342.936	14.623
613.748	28.375	106.403	758.189	498.736	0.371	11.405	11.497	1.102	4.152	60333.084	14.548
614.748	28.192	106.596	759.165	499.403	0.369	11.400	11.493	1.109	4.092	60326.807	14.667
615.750	28.361	106.494	759.610	499.104	0.371	11.407	11.501	1.114	4.042	60333.820	14.401
616.749	28.323	106.759	758.890	499.392	0.371	11.420	11.501	1.103	4.202	60344.158	15.105
617.750	28.291	106.523	760.566	499.246	0.369	11.421	11.505	1.108	4.202	60344.279	14.407
618.749	28.230	106.806	760.469	498.867	0.371	11.423	11.502	1.109	4.052	60400.111	15.056
619.750	28.193	106.709	760.217	498.494	0.368	11.418	11.514	1.109	4.172	60382.128	14.638
620.750	28.278	106.816	759.719	498.244	0.372	11.413	11.491	1.111	4.112	60387.750	14.635
621.749	28.278	106.630	759.908	498.718	0.367	11.409	11.503	1.105	4.152	60369.542	14.390
622.749	28.138	106.881	760.317	498.483	0.373	11.403	11.504	1.110	4.062	60364.575	14.587
623.749	28.111	106.889	760.487	498.597	0.368	11.423	11.502	1.103	4.102	60363.087	14.512
624.749	28.322	106.927	760.725	497.916	0.372	11.415	11.496	1.158	4.092	60378.092	15.199
625.750	28.287	107.070	761.025	498.441	0.362	11.311	11.396	1.082	4.092	60255.533	15.095
626.752	28.302	106.757	762.056	498.662	0.368	11.391	11.489	1.094	4.132	60131.049	14.645
627.751	28.381	106.727	762.511	498.863	0.370	11.427	11.516	1.099	4.142	60298.244	14.521
628.752	28.282	106.698	760.625	499.150	0.368	11.421	11.509	1.098	4.110	60319.648	14.514
629.752	28.298	106.963	759.423	498.414	0.373	11.436	11.523	1.104	4.152	60365.780	14.962
630.752	28.150	106.914	758.438	498.778	0.367	11.459	11.546	1.104	4.232	60365.804	14.666
631.752	28.345	106.887	758.240	498.560	0.369	11.458	11.551	1.109	4.072	60409.332	14.755
632.754	28.217	107.110	758.274	498.561	0.371	11.439	11.523	1.100	4.092	60412.843	14.995
633.753	28.342	106.965	758.216	498.517	0.369	11.440	11.532	1.096	4.082	60417.818	14.782
634.753	28.219	107.131	759.080	498.481	0.368	11.431	11.522	1.106	4.072	60431.124	15.037
635.755	28.339	107.057	759.390	497.678	0.370	11.457	11.556	1.104	4.160	60429.587	14.699
636.754	28.293	107.178	760.114	498.048	0.371	11.454	11.548	1.102	4.252	60439.658	14.919
637.754	28.174	107.025	759.487	497.874	0.369	11.440	11.536	1.099	4.092	60436.787	14.443
638.756	28.236	107.271	759.583	497.791	0.365	11.428	11.514	1.102	4.022	60441.664	14.972
639.755	28.275	107.212	759.381	497.104	0.372	11.454	11.541	1.102	4.142	60442.854	15.089
640.756	28.280	107.022	759.155	497.175	0.372	11.457	11.557	1.109	4.192	60449.252	14.364
641.756	28.152	107.283	758.016	497.448	0.373	11.453	11.549	1.110	4.152	60460.731	14.872
642.757	28.138	107.156	756.446	496.994	0.371	11.430	11.524	1.105	4.163	60457.754	14.702
643.757	28.329	107.173	757.118	497.401	0.375	11.467	11.555	1.110	4.122	60460.367	14.897
644.758	28.197	107.152	758.567	497.306	0.372	11.420	11.510	1.100	4.132	60450.061	14.625
645.757	28.245	107.207	758.494	496.923	0.366	11.449	11.532	1.108	4.072	60441.543	14.604
646.757	28.239	107.350	759.708	497.269	0.370	11.465	11.550	1.105	4.082	60443.929	14.990
647.758	28.410	107.109	759.873	496.850	0.367	11.454	11.534	1.108	4.092	60449.907	14.703
648.757	28.389	107.187	760.767	496.783	0.373	11.444	11.533	1.107	4.055	60453.806	14.937
649.757	28.402	107.265	760.946	496.854	0.370	11.404	11.504	1.109	4.124	60458.797	14.909
650.758	28.483	107.415	762.020	495.895	0.367	11.417	11.501	1.103	4.122	60461.345	15.131
651.757	28.579	107.436	761.760	496.311	0.371	11.388	11.477	1.096	4.042	60457.026	15.046
652.758	28.570	107.444	762.319	496.083	0.369	11.410	11.510	1.099	4.142	60434.344	15.020
653.757	28.661	107.345	762.777	495.938	0.370	11.398	11.484	1.092	4.312	60436.754	14.986
654.757	28.587	107.486	763.137	496.235	0.368	11.398	11.487	1.094	4.242	60425.535	14.781
655.757	28.747	107.311	762.584	495.708	0.365	11.396	11.474	1.095	4.124	60415.302	14.537
656.758	28.796	107.548	763.928	495.891	0.370	11.392	11.476	1.091	4.072	60412.155	15.048
657.758	28.815	107.600	763.655	496.009	0.367	11.410	11.496	1.093	4.002	60413.700	15.099
658.758	28.927	107.383	763.507	495.198	0.370	11.417	11.514	1.095	4.062	60427.840	14.624
659.757	28.799	107.436	762.610	495.721	0.367	11.393	11.486	1.099	4.172	60425.203	14.561
660.757	28.771	107.619	762.624	495.608	0.372	11.408	11.484	1.096	4.092	60424.952	14.810
661.758	28.943	107.612	762.886	495.910	0.370	11.427	11.514	1.098	4.112	60427.144	14.981
662.758	28.907	107.520	762.658	495.476	0.364	11.422	11.509	1.097	4.129	60427.330	14.893
663.758	28.780	107.356	763.075	496.005	0.373	11.421	11.508	1.097	4.202	60425.349	14.607
664.759	28.718	107.381	763.767	495.406	0.372	11.427	11.510	1.100	4.052	60435.598	14.789
665.759	28.654	107.547	764.857	495.600	0.372	11.433	11.516	1.099	4.082	60435.913	15.018
666.758	28.689	107.427	766.189	495.194	0.367	11.407	11.500	1.101	4.142	60426.424	14.905
667.758	28.550	107.545	766.673	495.341	0.366	11.400	11.487	1.089	4.162	60405.393	14.977
668.759	28.873	107.489	767.773	494.475	0.366	11.407	11.481	1.096	4.272	60410.966	14.794
669.760	28.944	107.513	768.761	494.673	0.369	11.403	11.487	1.097	4.151	60424.402	14.569
670.760	29.058	107.821	767.933	494.528	0.368	11.393	11.477	1.094	4.002	60434.684	14.979
671.761	29.216	107.897	768.151	494.408	0.371	11.400	11.483	1.084	4.092	60441.535	14.826
672.761	29.234	107.827	766.982	494.618	0.366	11.419	11.497	1.093	4.142	60464.484	14.791
673.760	29.258	107.913	767.036	494.389	0.369	11.417	11.503	1.096	4.152	60464.694	14.968
674.762	28.985	107.887	766.267	494.578	0.372	11.386	11.468	1.083	4.132	60439.594	14.820
675.761	28.940	107.821	766.493	494.848	0.366	11.398	11.483	1.091	4.207	60428.447	14.958
676.761	28.906	107.770	766.957	494.888	0.364	11.418	11.490	1.096	4.212	60406.388	14.673
677.761	28.839	107.594	766.318	494.846	0.368	11.404	11.506	1.100	4.112	60377.736	14.512
678.761	28.660	107.671	765.841	494.429	0.371	11.438	11.525	1.099	4.072	60391.059	14.728
679.762	28.589	107.694	765.455	494.405	0.371	11.442	11.508	1.090	3.992	60411.880	14.919
680.763	28.650	107.451	764.879	493.804	0.369	11.432	11.515	1.088	4.092	60441.689	14.683
681.762	28.487	107.608	764.837	493.969	0.372	11.446	11.529	1.101	4.202	60441.834	14.818
682.763	28.493	107.474	764.373	493.857	0.369	11.404	11.484	1.092	4.215	60440.815	14.913
683.762	28.395	107.278	764.560	493.794	0.370	11.446	11.528	1.102	4.222	60427.978	14.728
684.762	28.493	107.290	765.150	493.634	0.372	11.451	11.548	1.107	4.122	60435.331	14.744
685.763	28.474	107.362	765.713	493.394	0.371	11.452	11.543	1.102	4.072	60455.926	14.789
686.764	28.284	107.563	764.973	493.503	0.370	11.424	11.512	1.099	4.022	60455.109	15.041
687.763	28.325	107.313	764.730	493.466	0.372	11.430	11.506	1.107	4.082	60438.979	14.421
688.765	28.345	107.330	765.665	493.948	0.369	11.411	11.500	1.096	4.140	60437.199	14.363
689.765	28.275	107.406	765.592	493.737	0.367	11.454	11.540	1.104	4.229	60431.415	14.699
690.765	28.422	107.533	765.815	493.151	0.368	11.429	11.524	1.103	4.132	60443.015	15.071
691.765	28.450	107.601	767.569	493.205	0.368	11.384	11.468	1.093	4.132	60446.227	15.058
692.765	28.603	107.462	768.305	492.846	0.365	11.416	11.497	1.088	4.112	60448.273	14.630
693.766	28.586	107.516	768.944	493.039	0.367	11.439	11.528	1.101	4.042	60453.636	15.041
694.766	28.645	107.524	769.638	492.857	0.366	11.403	11.488	1.097	4.112	60459.088	15.010
695.767	28.445	107.601	768.187	493.278	0.367	11.417	11.508	1.095	4.014	60438.097	14.882
696.766	28.483	107.363	767.842	492.775	0.368	11.408	11.491	1.101	4.072	60413.369	14.595
697.767	28.525	107.539	767.900	492.495	0.369	11.395	11.483	1.098	4.162	60413.571	15.005
698.766	28.428	107.573	767.845	492.236	0.368	11.428	11.508	1.092	4.052	60405.255	14.999
699.766	28.493	107.576	767.795	492.428	0.371	11.436	11.524	1.103	4.122	60417.535	15.077
700.766	28.413	107.423	767.999	492.273	0.368	11.413	11.511	1.103	4.162	60422.380	14.516
701.768	28.537	107.526	766.560	492.628	0.366	11.438	11.524	1.097	4.172	60438.906	15.030
702.767	28.579	107.339	765.717	491.778	0.369	11.417	11.507	1.100	4.160	60434.781	14.793
703.768	28.440	107.432	765.307	492.133	0.368	11.411	11.500	1.091	4.272	60423.173	14.638
704.768	28.476	107.355	765.561	491.834	0.367	11.396	11.481	1.093	4.112	60421.789	14.660
705.767	28.383	107.460	765.573	491.658	0.371	11.404	11.497	1.087	4.272	60407.205	14.681
706.769	28.456	107.441	765.702	492.115	0.368	11.401	11.485	1.083	4.172	60400.345	14.472
707.768	28.729	107.498	766.868	491.441	0.370	11.399	11.478	1.092	4.002	60408.200	14.698
708.769	28.677	107.453	767.268	492.004	0.369	11.399	11.501	1.090	4.222	60413.862	14.667
709.768	28.468	107.445	767.412	492.169	0.367	11.426	11.511	1.092	4.139	60415.682	14.554
710.768	28.425	107.422	767.946	492.147	0.369	11.425	11.504	1.100	4.232	60419.379	14.554
711.768	28.416	107.504	767.675	492.145	0.365	11.414	11.512	1.091	4.332	60450.611	14.793
712.768	28.571	107.431	767.005	491.524	0.369	11.434	11.510	1.096	4.102	60456.184	14.893
713.769	28.423	107.573	767.679	491.425	0.368	11.426	11.504	1.095	4.232	60447.626	14.904
714.769	28.512	107.472	767.849	491.009	0.371	11.397	11.488	1.089	4.142	60445.944	15.004
715.769	28.450	107.326	767.961	491.693	0.370	11.426	11.512	1.096	4.101	60437.741	14.764
716.769	28.348	107.284	768.168	491.139	0.371	11.422	11.509	1.098	4.152	60423.359	14.595
717.770	28.367	107.298	768.170	491.275	0.368	11.442	11.526	1.097	4.252	60424.661	14.403
718.771	28.312	107.313	769.273	491.368	0.372	11.422	11.510	1.095	4.242	60431.084	14.453
719.772	28.483	107.505	769.303	491.073	0.371	11.416	11.505	1.103	4.132	60445.596	15.052
720.773	28.465	107.275	768.511	490.766	0.366	11.436	11.523	1.099	4.252	60428.317	14.533
721.772	28.294	107.497	768.791	491.275	0.370	11.434	11.532	1.092	4.342	60430.736	14.793
722.773	28.275	107.315	768.256	490.858	0.368	11.437	11.520	1.095	4.138	60431.335	14.369
723.772	28.362	107.417	768.042	490.568	0.370	11.433	11.535	1.102	4.072	60443.177	14.796
724.774	28.203	107.371	767.631	490.988	0.373	11.421	11.496	1.101	4.052	60422.987	14.691
725.773	28.392	107.371	767.032	490.630	0.370	11.417	11.500	1.096	4.152	60425.300	14.919
726.773	28.267	107.496	768.487	490.643	0.372	11.423	11.506	1.092	4.112	60423.674	14.854
727.774	28.292	107.183	768.550	490.167	0.370	11.432	11.513	1.097	4.082	60421.733	14.412
728.773	28.266	107.434	769.085	490.559	0.371	11.408	11.498	1.088	4.122	60426.797	15.018
729.773	28.236	107.168	768.687	490.542	0.372	11.394	11.486	1.093	4.167	60409.025	14.442
730.773	28.345	107.148	769.216	490.295	0.372	11.418	11.508	1.096	4.142	60408.361	14.607
731.773	28.309	107.185	769.504	490.327	0.369	11.429	11.512	1.100	4.102	60395.678	14.474
732.773	28.315	107.417	769.653	490.450	0.369	11.430	11.516	1.107	4.062	60408.960	14.988
733.774	28.195	107.260	771.145	490.509	0.368	11.413	11.505	1.092	4.172	60401.259	14.566
734.773	28.406	107.469	771.629	490.328	0.370	11.407	11.515	1.095	4.192	60417.939	15.111
735.773	28.466	107.498	771.735	490.810	0.366	11.394	11.487	1.085	4.163	60422.372	15.019
736.773	28.533	107.391	770.454	490.194	0.369	11.390	11.468	1.110	4.151	60425.130	14.787
737.773	28.369	107.338	770.046	490.180	0.370	11.390	11.485	1.094	4.222	60408.645	14.559
738.773	28.494	107.233	770.203	490.430	0.370	11.398	11.496	1.100	4.152	60405.546	14.550
739.775	28.458	107.367	770.252	489.847	0.367	11.414	11.499	1.086	4.152	60409.259	14.868
740.775	28.495	107.283	771.500	490.381	0.368	11.401	11.482	1.094	4.232	60395.742	14.865
741.776	28.545	107.157	772.407	489.862	0.366	11.359	11.447	1.087	4.312	60386.132	14.511
742.775	28.563	107.356	774.523	490.120	0.368	11.383	11.471	1.088	4.247	60371.257	14.581
743.775	28.604	107.447	775.441	490.253	0.362	11.374	11.469	1.087	4.163	60373.109	14.581
744.777	28.716	107.467	775.741	489.340	0.367	11.385	11.465	1.079	4.132	60393.785	14.962
745.776	28.523	107.512	775.678	489.369	0.370	11.407	11.491	1.091	4.212	60373.894	15.026
746.777	28.539	107.234	775.993	489.272	0.367	11.395	11.494	1.091	4.082	60362.642	14.649
747.776	28.530	107.367	776.203	488.671	0.364	11.401	11.491	1.090	4.102	60373.772	15.146
748.778	28.551	107.158	774.408	488.906	0.370	11.382	11.473	1.091	4.072	60371.046	14.735
749.777	28.398	107.067	773.003	489.249	0.368	11.382	11.469	1.091	4.032	60362.156	14.439
750.778	28.528	107.224	772.734	489.042	0.369	11.365	11.459	1.082	4.142	60375.803	14.821
751.779	28.396	107.404	772.425	488.613	0.368	11.394	11.482	1.090	4.282	60370.739	15.018
752.778	28.347	107.242	773.206	488.968	0.370	11.382	11.465	1.094	4.332	60357.966	14.608
753.779	28.497	107.118	773.348	488.553	0.370	11.397	11.495	1.093	4.142	60353.202	14.715
754.779	28.417	107.052	773.589	488.436	0.370	11.370	11.464	1.094	4.002	60352.546	14.757
755.778	28.463	107.103	772.056	487.791	0.372	11.382	11.451	1.087	4.231	60360.255	14.622
756.779	28.342	107.105	772.089	488.954	0.369	11.406	11.491	1.082	4.250	60353.913	14.480
757.778	28.339	107.102	772.656	488.696	0.368	11.413	11.495	1.085	4.132	60358.225	14.410
758.780	28.482	107.094	772.810	488.533	0.367	11.381	11.460	1.090	4.042	60361.024	14.495
759.779	28.380	107.261	773.316	488.840	0.368	11.365	11.453	1.089	4.112	60352.279	14.566
760.779	28.460	107.334	773.543	488.744	0.372	11.371	11.452	1.090	4.262	60359.916	14.958
761.779	28.478	107.426	773.177	488.787	0.366	11.402	11.492	1.092	4.152	60353.719	14.882
762.779	28.694	107.202	773.004	488.446	0.366	11.410	11.487	1.112	4.074	60352.846	14.546
763.779	28.513	107.388	773.521	488.001	0.370	11.419	11.493	1.121	4.030	60376.862	14.710
764.781	28.620	107.290	773.571	487.167	0.371	11.414	11.490	1.130	4.182	60437.806	14.506
765.780	28.510	107.403	774.426	485.768	0.367	11.374	11.451	1.117	4.132	60356.340	14.681
766.780	28.533	107.431	774.327	484.508	0.364	11.292	11.370	1.114	4.242	60247.315	15.037
767.780	28.634	107.077	773.666	482.452	0.364	11.279	11.360	1.122	4.262	60204.159	14.576
768.781	28.493	107.190	774.491	481.443	0.366	11.263	11.331	1.123	4.182	60136.477	14.893
769.781	28.504	107.050	775.391	479.767	0.366	11.240	11.308	1.115	4.223	60069.968	14.909
770.780	28.425	106.833	775.342	478.775	0.363	11.213	11.285	1.123	4.212	60010.004	14.544
771.780	28.405	106.875	773.211	477.892	0.362	11.192	11.276	1.115	4.082	59976.862	14.836
772.780	28.370	106.661	774.550	476.250	0.361	11.150	11.216	1.109	4.132	59927.195	14.496
773.781	28.491	106.686	776.523	475.073	0.363	11.095	11.171	1.106	4.162	59878.191	14.809
774.781	28.616	106.609	777.310	474.736	0.363	11.108	11.192	1.102	4.162	59795.674	14.741
775.782	28.537	106.599	776.856	475.366	0.356	11.128	11.213	1.115	4.062	59789.890	14.786
776.782	28.454	106.519	776.545	475.776	0.357	11.115	11.194	1.094	4.192	59799.225	14.896
777.784	28.644	106.448	774.542	476.238	0.360	11.119	11.202	1.108	4.192	59856.439	14.861
778.784	28.550	106.301	772.457	476.990	0.361	11.186	11.280	1.124	4.212	59859.424	14.317
779.784	28.535	106.344	771.353	478.181	0.364	11.188	11.276	1.098	4.132	59948.688	14.329
780.784	28.582	106.602	771.762	478.442	0.362	11.208	11.293	1.113	4.162	59987.969	14.797
781.786	28.591	106.602	771.467	479.156	0.366	11.253	11.334	1.121	4.112	60002.335	14.896
782.786	28.635	106.408	771.796	480.065	0.365	11.278	11.350	1.098	3.983	60061.264	14.681
783.785	28.392	106.591	771.285	480.679	0.363	11.253	11.337	1.119	4.067	60062.971	14.925
784.787	28.412	106.437	770.514	481.413	0.361	11.287	11.381	1.111	4.132	60081.067	14.460
785.786	28.468	106.371	769.381	481.983	0.363	11.308	11.384	1.118	4.162	60106.111	14.439
786.788	28.358	106.499	770.113	482.165	0.363	11.314	11.397	1.114	4.152	60157.283	14.523
787.788	28.424	106.689	769.695	482.404	0.366	11.295	11.387	1.112	4.192	60200.066	14.953
788.788	28.460	106.596	770.484	482.638	0.362	11.522	11.594	1.149	4.122	60201.069	14.847
789.788	28.382	106.892	776.702	484.035	0.393	12.824	12.954	1.297	4.359	61159.341	15.146
790.789	28.410	108.844	805.515	487.730	0.479	16.930	17.051	1.852	4.664	65183.132	18.481
791.788	28.365	115.680	883.422	496.600	0.753	23.476	23.604	2.711	6.531	75705.188	23.885
792.789	28.300	128.080	941.920	504.941	0.849	25.130	25.192	2.900	6.962	80345.417	25.402
793.789	28.146	138.783	970.940	512.089	0.876	25.747	25.814	2.966	7.102	81354.450	25.878
794.788	27.777	146.653	989.910	520.168	0.894	26.150	26.239	3.028	7.282	81929.913	26.502
795.788	27.868	152.137	997.274	526.095	0.910	26.256	26.357	3.066	7.269	82285.682	26.988
796.788	27.751	155.881	999.757	533.321	0.896	26.052	26.156	2.979	7.252	82334.621	26.781
797.788	27.676	158.689	994.694	540.322	0.893	25.937	26.050	2.948	7.172	82167.022	26.339
798.788	27.528	160.950	984.035	545.675	0.882	26.035	26.100	3.040	7.192	82064.864	26.340
799.788	27.380	162.919	974.758	552.303	0.881	25.856	25.957	2.935	7.202	82054.987	26.548
800.788	27.370	164.491	957.665	558.168	0.881	25.847	25.952	3.020	7.202	81925.634	26.825
801.789	27.323	165.787	952.524	564.766	0.880	25.793	25.899	3.031	7.172	81939.118	26.567
802.788	27.237	167.059	950.727	571.919	0.878	25.607	25.735	2.873	7.112	81915.409	26.672
803.788	27.203	167.902	940.048	577.935	0.872	25.703	25.806	3.019	7.101	81784.518	26.351
804.789	27.283	168.684	940.613	584.495	0.866	25.625	25.716	2.983	7.102	81797.162	26.799
805.788	27.260	169.733	942.360	590.245	0.862	25.611	25.688	2.992	7.112	81784.583	27.993
806.788	27.209	170.301	943.909	595.833	0.874	25.553	25.680	2.993	7.122	81716.416	26.592
807.788	27.266	171.246	945.325	601.152	0.871	25.497	25.590	2.983	7.102	81721.075	27.080
808.788	27.363	171.845	945.256	605.791	0.868	25.493	25.594	2.976	7.062	81706.175	26.847
809.788	27.462	172.257	946.367	609.759	0.865	25.414	25.514	2.977	7.052	81667.889	27.153
810.788	27.357	172.955	947.071	614.388	0.869	25.451	25.557	2.962	7.052	81652.204	26.947
811.789	27.575	173.325	948.144	617.433	0.865	25.388	25.495	2.976	7.012	81640.054	26.811
812.790	27.523	173.642	948.991	620.744	0.862	25.398	25.508	2.981	6.982	81576.619	26.968
813.789	27.508	174.022	948.886	624.439	0.862	25.368	25.478	2.971	7.022	81564.364	26.733
814.789	27.364	174.277	947.522	627.368	0.861	25.306	25.423	2.978	6.982	81545.023	26.741
815.789	27.201	174.710	947.072	629.103	0.857	25.293	25.406	2.965	6.972	81508.848	26.940
816.790	27.299	174.755	947.047	631.349	0.861	25.315	25.414	2.963	6.972	81507.723	26.700
817.792	27.190	175.319	947.855	633.654	0.858	25.271	25.369	2.969	6.962	81502.927	27.463
818.793	27.336	175.297	948.501	635.016	0.857	25.223	25.323	2.960	6.972	81492.524	26.834
819.793	27.136	175.504	949.673	636.844	0.861	25.295	25.405	2.966	6.992	81439.880	26.993
820.794	27.323	175.670	948.552	638.103	0.853	25.202	25.301	2.948	7.002	81450.040	26.655
821.794	27.234	176.015	950.383	639.441	0.859	25.252	25.335	2.958	7.011	81445.752	26.495
822.795	27.460	176.141	951.080	640.316	0.860	25.222	25.332	2.961	6.972	81455.112	26.865
823.795	27.414	176.218	949.340	641.427	0.859	25.172	25.247	2.963	7.002	81446.545	26.651
824.796	27.448	176.308	948.644	642.478	0.859	25.136	25.231	2.959	6.972	81443.900	26.636
825.795	27.339	176.580	949.020	642.813	0.861	25.185	25.276	2.971	6.992	81428.959	26.752
826.797	27.336	176.786	948.316	643.370	0.858	25.179	25.301	2.962	6.961	81420.264	27.212
827.797	27.444	176.667	948.219	643.900	0.862	25.115	25.252	2.944	6.942	81413.930	26.792
828.796	27.318	176.888	949.038	644.620	0.856	25.135	25.245	2.962	6.951	81414.375	26.721
829.797	27.364	177.059	948.330	645.005	0.861	25.171	25.267	2.979	6.961	81409.926	26.879
830.796	27.572	177.245	957.936	643.782	0.854	25.102	25.168	3.011	6.942	81420.854	26.905
831.798	27.460	177.204	970.006	641.933	0.848	25.133	25.206	3.029	6.942	81402.087	26.710
832.798	27.360	177.381	975.627	639.389	0.852	25.099	25.152	3.010	6.941	81311.011	26.813
833.798	27.258	177.315	982.382	636.965	0.849	25.067	25.139	3.013	6.931	81304.225	26.983
834.799	27.271	177.147	986.095	634.112	0.855	25.096	25.191	3.005	6.912	81296.734	26.754
835.800	27.395	177.255	977.716	633.014	0.856	25.080	25.184	3.016	6.912	81306.134	26.919
836.800	27.170	177.155	969.159	633.491	0.847	25.079	25.197	3.009	6.902	81302.388	26.984
837.801	27.262	177.230	964.109	632.690	0.856	25.025	25.141	2.995	6.902	81317.240	26.956
838.801	27.203	177.208	962.234	633.057	0.858	25.073	25.193	3.000	6.912	81317.005	26.607
839.801	27.229	177.467	961.010	633.308	0.858	25.112	25.223	2.986	6.912	81341.095	26.972
840.802	27.227	177.582	959.031	633.345	0.848	25.113	25.216	2.996	6.912	81368.962	27.163
841.801	27.293	177.390	958.979	633.825	0.850	25.054	25.165	3.006	6.942	81367.037	26.990
842.802	27.172	177.634	956.904	634.847	0.856	25.088	25.188	2.964	6.912	81361.779	26.639
843.802	27.348	177.822	956.810	635.138	0.859	25.061	25.160	2.973	6.922	81386.006	27.001
844.803	27.433	177.735	956.643	636.559	0.858	25.124	25.200	2.985	6.922	81400.494	27.003
845.803	27.350	177.813	956.158	636.649	0.860	25.108	25.209	2.970	6.931	81405.655	27.053
846.803	27.281	177.804	955.791	637.251	0.854	25.107	25.211	2.963	6.944	81400.356	26.811
847.802	27.226	178.050	958.676	638.077	0.859	25.082	25.163	2.968	6.944	81411.940	26.982
848.802	27.287	177.862	959.227	637.791	0.854	25.118	25.218	2.973	6.931	81415.645	26.873
849.802	27.189	177.892	959.806	638.976	0.857	25.127	25.194	3.008	6.922	81413.258	26.905
850.804	27.084	178.062	968.659	638.191	0.848	25.069	25.159	3.007	6.921	81418.435	27.043
851.803	27.295	178.031	978.328	635.898	0.848	25.048	25.131	3.009	6.912	81406.399	27.170
852.803	27.348	177.875	984.251	634.193	0.857	24.990	25.083	2.994	6.902	81351.813	26.633
853.803	27.298	178.026	978.508	633.217	0.854	25.022	25.114	2.974	6.892	81349.589	27.128
854.804	27.311	178.044	971.368	633.335	0.850	25.001	25.091	2.995	6.922	81359.838	27.274
855.804	27.330	178.169	967.253	633.944	0.854	24.991	25.076	2.980	6.912	81359.587	26.919
856.803	27.339	177.964	970.585	633.716	0.849	25.031	25.127	3.007	6.912	81357.548	26.620
857.804	27.500	178.103	980.654	631.767	0.850	24.988	25.100	3.020	6.932	81374.042	26.587
858.804	27.357	178.235	986.488	629.655	0.853	24.978	25.085	2.977	6.931	81356.966	26.633
859.803	27.406	178.236	983.001	629.120	0.852	24.991	25.095	2.992	6.912	81355.850	26.925
860.803	27.599	178.110	974.630	628.244	0.849	25.016	25.102	2.990	6.892	81360.436	26.680
861.805	27.408	178.240	970.207	629.542	0.860	25.066	25.164	2.982	6.891	81355.890	26.881
862.804	27.492	178.277	971.121	629.185	0.855	25.074	25.162	3.034	6.892	81370.378	27.222
863.804	27.437	178.174	978.337	627.674	0.858	25.051	25.147	3.012	6.892	81375.320	26.844
864.804	27.192	178.048	976.238	627.633	0.856	25.035	25.125	2.991	6.892	81350.276	26.835
865.804	27.227	177.909	970.128	627.687	0.852	25.009	25.101	2.984	6.932	81342.875	26.124
866.804	27.244	177.935	967.675	627.882	0.855	25.070	25.175	2.995	6.922	81344.873	26.636
867.804	27.207	178.120	965.075	628.263	0.854	25.062	25.131	2.971	6.922	81359.328	26.742
868.805	27.111	178.009	962.045	629.559	0.847	25.070	25.162	2.996	6.892	81358.066	26.546
869.804	27.331	178.067	961.410	630.380	0.855	24.985	25.080	2.977	6.892	81380.538	26.774
870.805	27.310	178.215	959.302	630.825	0.851	25.028	25.117	2.968	6.892	81381.355	26.978
871.805	27.386	178.254	959.414	631.548	0.858	25.001	25.102	2.977	6.912	81383.442	26.766
872.806	27.417	178.140	959.779	633.002	0.858	25.067	25.172	2.985	6.922	81388.603	26.765
873.805	27.405	178.303	960.227	633.480	0.860	25.039	25.124	2.959	6.922	81396.231	27.047
874.806	27.326	178.124	960.756	634.605	0.857	25.029	25.122	2.951	6.912	81387.389	26.483
875.805	27.319	178.075	959.847	635.109	0.858	25.058	25.153	2.970	6.902	81390.148	26.472
876.806	27.394	178.149	960.103	636.400	0.851	25.040	25.149	2.948	6.912	81391.563	26.515
877.805	27.241	178.254	960.866	637.383	0.860	25.032	25.140	2.955	6.902	81381.306	26.599
878.806	27.436	178.333	961.785	638.083	0.856	25.021	25.125	2.980	6.892	81402.710	26.855
879.808	27.267	178.447	962.538	638.348	0.851	25.011	25.135	2.967	6.921	81392.113	26.377
880.808	27.264	178.528	962.421	639.451	0.855	25.023	25.126	2.952	6.912	81397.517	26.902
881.808	27.273	178.497	963.507	639.780	0.859	25.024	25.153	2.966	6.912	81396.045	26.925
882.808	27.406	178.310	961.844	639.885	0.848	25.044	25.151	2.972	6.893	81399.070	26.865
883.807	27.138	178.202	960.963	640.924	0.854	25.016	25.133	2.956	6.898	81379.923	26.440
884.807	27.129	178.245	960.767	640.987	0.855	24.998	25.096	2.959	6.889	81379.146	26.607
885.808	27.214	178.403	959.181	641.461	0.852	24.993	25.090	2.948	6.873	81387.284	27.206
886.808	27.333	178.215	959.324	642.067	0.853	25.038	25.135	2.942	6.882	81387.236	26.513
887.807	27.339	178.234	959.855	642.028	0.860	25.021	25.129	2.946	6.912	81390.051	26.874
888.809	27.151	178.402	961.928	642.770	0.852	25.017	25.131	2.964	6.861	81393.416	26.871
889.808	27.358	178.257	961.782	642.491	0.851	25.017	25.114	2.941	6.872	81394.014	26.638
890.808	27.393	178.403	963.015	643.156	0.858	25.053	25.149	2.959	6.862	81397.048	26.905
891.808	27.221	178.524	969.023	642.166	0.859	25.004	25.087	2.992	6.871	81398.771	26.767
892.809	27.412	178.362	977.920	640.313	0.854	25.021	25.079	2.997	6.872	81401.545	26.541
893.809	27.289	178.389	985.578	638.765	0.853	24.989	25.072	2.971	6.882	81390.803	26.874
894.808	27.288	178.428	984.196	636.968	0.851	24.959	25.076	2.969	6.862	81338.911	26.782
895.808	27.457	178.259	977.052	636.868	0.850	24.932	25.017	2.958	6.892	81328.177	26.932
896.808	27.320	178.419	971.943	637.006	0.854	24.920	25.028	2.946	6.892	81334.219	26.749
897.809	27.347	178.450	969.549	637.169	0.857	24.957	25.055	2.964	6.892	81339.954	26.747
898.809	27.522	178.326	966.848	637.101	0.856	24.976	25.080	2.963	6.862	81359.708	26.931
899.809	27.538	178.279	965.031	636.930	0.850	24.990	25.088	2.940	6.862	81358.616	26.670
900.810	27.527	178.483	966.383	637.354	0.851	24.989	25.076	2.952	6.872	81370.151	26.842
901.810	27.393	178.514	966.530	638.141	0.854	24.998	25.096	2.966	6.861	81366.721	26.520
902.812	27.538	178.284	966.874	637.652	0.855	25.051	25.126	2.999	6.852	81371.543	26.749
903.813	27.550	178.398	976.149	636.746	0.851	25.008	25.085	2.993	6.852	81385.472	26.625
904.813	27.420	178.341	979.878	635.968	0.851	24.993	25.075	2.975	6.882	81374.616	26.562
905.814	27.578	178.455	975.088	635.651	0.843	24.984	25.076	2.960	6.892	81391.118	26.724
906.813	27.636	178.490	970.371	635.518	0.853	24.998	25.085	2.952	6.852	81398.633	26.710
907.814	27.644	178.436	969.356	636.049	0.859	25.001	25.093	2.972	6.862	81401.335	26.559
908.815	27.610	178.449	966.999	635.758	0.851	25.058	25.140	2.971	6.852	81399.927	26.650
909.815	27.379	178.579	965.628	636.855	0.847	24.984	25.075	2.963	6.882	81405.752	26.718
910.816	27.362	178.589	964.069	637.057	0.853	25.023	25.124	2.962	6.852	81411.220	26.752
911.815	27.576	178.646	963.272	637.039	0.854	24.966	25.079	2.945	6.892	81412.029	27.041
912.815	27.438	178.609	964.512	637.498	0.850	24.973	25.083	2.944	6.902	81400.000	26.470
913.816	27.479	178.832	965.754	638.314	0.852	24.987	25.105	2.945	6.892	81406.326	26.803
914.815	27.602	178.686	966.960	638.511	0.859	24.992	25.090	2.954	6.902	81415.871	26.767
915.815	27.669	178.718	967.138	638.160	0.857	24.977	25.078	2.949	6.902	81427.827	26.771
916.815	27.651	178.695	966.266	639.134	0.859	24.983	25.108	2.957	6.902	81429.194	26.699
917.815	27.484	178.751	967.630	639.890	0.856	25.022	25.143	2.948	6.902	81419.940	26.491
918.816	27.626	178.699	968.837	639.826	0.852	25.034	25.118	2.949	6.882	81455.856	26.549
919.815	27.436	178.804	969.206	640.272	0.854	25.028	25.103	2.968	6.812	81454.845	26.625
920.817	27.627	178.663	968.746	640.746	0.854	24.975	25.088	2.947	6.818	81450.485	26.403
921.818	27.585	178.911	966.484	641.281	0.852	24.989	25.097	2.946	6.851	81448.705	26.696
922.817	27.540	178.912	964.392	641.095	0.852	25.008	25.083	2.954	6.812	81441.271	26.787
923.818	27.497	178.709	962.807	642.603	0.848	24.992	25.099	2.950	6.872	81447.880	26.509
924.817	27.486	178.914	961.744	642.305	0.851	25.019	25.139	2.967	6.841	81467.448	27.190
925.817	27.568	178.740	960.310	642.348	0.851	25.002	25.097	2.953	6.842	81465.959	26.857
926.817	27.604	178.695	959.550	642.887	0.855	25.005	25.117	2.942	6.902	81460.483	26.882
927.817	27.493	178.512	958.698	643.552	0.847	25.007	25.109	2.950	6.882	81448.487	26.609
928.818	27.408	178.670	957.669	643.428	0.850	25.064	25.154	2.984	6.882	81462.885	26.910
929.817	27.476	178.709	965.327	642.401	0.846	24.959	25.089	2.961	6.882	81510.247	26.718
930.818	27.592	178.809	965.502	641.861	0.852	25.010	25.109	2.966	6.932	81494.773	27.091
931.817	27.475	178.813	964.101	641.777	0.852	25.042	25.143	2.952	6.852	81428.854	26.951
932.817	27.450	178.625	966.884	641.065	0.851	25.018	25.114	3.006	6.852	81421.000	26.671
933.818	27.600	178.725	973.734	639.135	0.853	25.005	25.089	2.984	6.872	81432.850	27.041
934.818	27.485	178.886	980.743	637.285	0.852	25.010	25.065	2.997	6.882	81416.712	26.787
935.818	27.558	178.904	987.035	634.041	0.850	25.055	25.111	3.010	6.872	81418.565	27.173
936.817	27.614	178.737	992.820	630.877	0.853	24.993	25.066	3.009	6.862	81401.197	26.984
937.819	27.612	178.630	995.999	628.227	0.861	24.976	25.055	3.016	6.892	81341.152	26.601
938.818	27.532	178.830	994.760	625.660	0.848	24.897	25.005	2.989	6.882	81287.003	26.805
939.819	27.665	178.656	984.743	624.573	0.856	24.938	25.028	2.984	6.872	81298.409	26.525
940.820	27.639	178.545	977.372	624.040	0.855	24.998	25.094	2.986	6.902	81322.272	26.830
941.820	27.444	178.674	972.645	624.802	0.852	24.972	25.095	2.970	6.872	81356.481	26.597
942.819	27.548	178.532	968.181	624.976	0.856	25.026	25.130	2.982	6.842	81373.419	26.794
943.819	27.536	178.646	964.917	624.951	0.855	25.036	25.157	2.997	6.852	81409.295	26.787
944.819	27.352	178.799	962.530	625.788	0.849	25.029	25.126	2.988	6.871	81403.592	27.084
945.820	27.265	178.674	961.199	626.714	0.853	25.076	25.171	2.984	6.882	81393.456	26.879
946.821	27.375	178.462	960.095	627.064	0.861	25.054	25.150	2.970	6.882	81404.700	26.502
947.822	27.200	178.827	962.943	628.540	0.856	25.045	25.152	2.978	6.891	81421.720	27.054
948.821	27.142	178.725	964.705	629.178	0.854	25.047	25.140	2.964	6.892	81447.540	26.721
949.822	27.404	178.699	964.293	630.152	0.858	24.994	25.103	2.968	6.892	81441.773	26.439
950.822	27.333	178.885	969.595	629.785	0.856	25.044	25.137	2.972	6.895	81447.621	26.924
951.821	27.393	178.616	972.882	629.568	0.854	24.996	25.108	2.965	6.901	81447.848	26.363
952.823	27.462	178.734	970.769	630.168	0.855	24.972	25.078	2.952	6.882	81443.010	26.231
953.822	27.441	178.989	969.898	631.523	0.848	25.006	25.087	2.952	6.892	81438.933	26.740
954.822	27.696	178.810	967.563	631.922	0.851	24.977	25.081	2.944	6.902	81450.970	26.293
955.823	27.849	178.927	968.278	632.783	0.856	24.988	25.110	2.956	6.912	81454.707	26.375
956.824	27.774	179.267	969.542	633.781	0.855	25.015	25.118	2.958	6.912	81458.905	26.704
957.824	27.752	179.226	968.982	634.133	0.847	24.995	25.087	2.957	6.921	81458.630	26.799
958.824	27.756	179.300	967.327	635.044	0.853	24.982	25.074	2.957	6.912	81447.856	26.911
959.823	27.819	179.294	972.201	634.565	0.847	25.050	25.123	2.994	6.902	81466.234	26.966
960.825	27.959	179.293	979.055	633.335	0.854	24.960	25.027	2.958	6.922	81484.766	26.835
961.825	27.783	179.304	976.291	632.937	0.857	24.961	25.068	2.979	6.912	81456.471	26.474
962.825	27.842	179.025	970.542	633.389	0.850	24.963	25.075	2.977	6.912	81429.679	26.237
963.825	27.835	179.215	967.010	633.196	0.851	24.955	25.062	2.958	6.882	81416.858	26.962
964.825	27.789	178.946	966.025	634.073	0.853	25.007	25.100	2.969	6.802	81410.783	26.324
965.825	27.656	179.020	964.476	634.514	0.853	25.058	25.159	2.962	6.802	81422.998	26.316
966.827	27.648	179.153	964.584	635.411	0.855	25.017	25.104	2.957	6.802	81451.771	26.671
967.828	27.706	178.918	965.004	635.606	0.848	25.003	25.103	2.948	6.802	81437.502	26.404
968.827	27.686	179.144	964.999	636.262	0.855	25.031	25.129	2.964	6.812	81438.925	26.959
969.827	27.673	179.186	965.085	636.765	0.852	24.992	25.120	2.952	6.861	81424.915	26.774
970.828	27.721	179.286	967.424	637.231	0.852	25.006	25.100	2.944	6.861	81426.306	26.879
971.829	27.752	179.297	969.247	637.555	0.850	25.026	25.109	2.974	6.882	81426.379	27.029
972.828	27.824	179.327	975.002	636.442	0.854	24.993	25.081	2.994	6.891	81433.627	26.872
973.829	27.933	179.388	980.353	634.930	0.852	24.950	25.039	2.967	6.892	81437.946	26.882
974.830	27.927	179.257	977.224	634.990	0.847	24.985	25.075	2.961	6.882	81418.977	26.446
975.830	28.073	179.175	975.450	634.610	0.844	25.002	25.101	2.980	6.862	81429.809	26.581
976.830	28.104	179.251	974.796	634.520	0.852	24.973	25.081	2.974	6.852	81440.551	26.367
977.829	27.961	179.274	971.827	635.675	0.846	24.988	25.088	2.942	6.852	81442.962	26.544
978.830	27.851	179.307	969.287	635.639	0.839	24.982	25.081	2.970	6.861	81454.084	26.654
979.829	27.800	179.163	965.889	636.440	0.852	24.983	25.084	2.961	6.892	81443.852	26.776
980.829	27.992	179.142	965.018	636.525	0.849	25.004	25.105	2.968	6.882	81442.638	27.000
981.830	27.926	179.171	965.019	637.076	0.853	25.025	25.116	2.962	6.872	81438.844	27.047
982.829	27.720	179.201	963.587	637.681	0.853	25.055	25.164	2.968	6.892	81438.286	26.881
983.830	27.842	179.055	965.912	637.615	0.856	25.039	25.140	2.981	6.892	81450.420	26.412
984.829	27.532	179.101	968.246	638.249	0.853	25.059	25.144	2.985	6.892	81450.072	26.490
985.829	27.473	179.117	974.101	636.810	0.852	25.064	25.152	3.003	6.891	81482.073	27.001
986.829	27.595	179.174	978.450	634.390	0.852	25.021	25.108	2.970	6.892	81490.566	27.148
987.829	27.691	178.964	975.371	633.952	0.854	25.017	25.121	2.979	6.852	81474.873	26.353
988.831	27.695	178.953	973.879	634.023	0.853	25.028	25.107	2.956	6.862	81457.708	26.545
989.831	27.591	179.074	973.380	634.208	0.849	24.986	25.106	2.961	6.882	81449.134	26.582
990.830	27.595	178.927	970.237	634.654	0.854	25.034	25.124	2.974	6.882	81446.594	26.363
991.830	27.671	179.133	968.833	634.298	0.857	25.023	25.141	2.946	6.852	81448.082	26.927
992.830	27.602	179.157	968.914	634.626	0.853	25.029	25.107	2.966	6.861	81439.208	26.815
993.831	27.645	178.816	967.526	635.416	0.854	25.029	25.109	2.989	6.931	81447.467	26.364
994.831	27.487	178.948	966.791	635.717	0.847	25.040	25.126	2.959	6.940	81428.725	26.569
995.832	27.509	179.021	965.253	636.031	0.854	25.047	25.113	3.002	6.935	81422.326	26.865
996.831	27.437	178.688	969.191	634.939	0.855	25.091	25.163	3.007	6.923	81416.599	26.392
997.831	27.346	178.835	976.702	633.671	0.849	25.059	25.135	3.007	6.901	81418.961	26.525
998.831	27.289	178.840	982.423	630.437	0.850	25.028	25.084	2.999	6.892	81413.129	26.755
999.832	27.542	178.767	984.585	628.973	0.847	25.021	25.083	3.013	6.872	81357.912	26.985
1000.833	27.425	178.544	985.066	627.058	0.847	24.983	25.069	2.973	6.862	81353.075	26.475
1001.833	27.582	178.674	975.051	626.747	0.851	24.931	25.003	2.974	6.852	81358.778	26.887
1002.833	27.687	178.594	967.093	627.160	0.843	24.938	25.011	2.978	6.852	81353.593	26.613
1003.832	27.630	178.869	963.612	627.681	0.843	24.958	25.060	2.968	6.861	81350.317	26.878
1004.832	27.815	178.677	960.139	627.909	0.852	24.993	25.071	2.963	6.772	81362.119	26.615
1005.833	27.849	178.805	959.270	628.217	0.847	25.017	25.099	2.982	6.792	81449.336	27.063
1006.832	27.893	178.727	957.175	629.244	0.852	25.018	25.127	2.974	6.792	81432.664	26.771
1007.832	27.648	178.951	957.448	629.893	0.852	24.980	25.048	2.971	6.791	81416.793	26.893
1008.832	27.705	178.805	958.384	630.766	0.850	24.989	25.076	2.963	6.852	81409.052	26.518
1009.833	27.862	178.849	957.492	631.862	0.849	25.015	25.111	2.956	6.852	81413.897	26.486
1010.832	27.837	179.032	957.747	632.171	0.857	24.983	25.063	2.951	6.871	81431.443	26.816
1011.833	27.935	178.952	957.981	633.488	0.860	25.045	25.119	2.966	6.892	81443.447	26.776
1012.832	27.641	178.854	961.314	633.709	0.858	25.017	25.118	2.968	6.882	81458.363	26.300
1013.832	27.586	179.027	962.319	634.137	0.851	25.085	25.162	2.969	6.882	81447.613	26.804
1014.833	27.508	179.016	961.626	634.277	0.856	25.097	25.206	2.975	6.902	81445.833	26.934
1015.834	27.448	178.817	962.613	635.288	0.852	25.036	25.115	2.953	6.861	81439.475	26.425
1016.833	27.468	178.782	965.520	636.089	0.856	25.051	25.141	2.971	6.862	81441.142	26.203
1017.834	27.458	178.893	967.136	635.775	0.851	25.027	25.094	2.951	6.882	81450.954	26.816
1018.833	27.389	178.891	968.697	636.328	0.854	25.046	25.123	2.964	6.882	81447.492	26.601
1019.833	27.473	178.738	968.678	637.362	0.855	25.078	25.170	2.963	6.902	81442.646	26.092
1020.834	27.439	178.712	967.935	637.817	0.853	25.025	25.145	2.967	6.912	81445.971	25.967
1021.834	27.367	178.854	965.186	638.170	0.855	25.062	25.143	2.959	6.892	81425.182	26.454
1022.834	27.386	178.743	964.238	639.186	0.854	25.077	25.173	2.960	6.912	81413.404	26.504
1023.834	27.547	178.817	965.023	639.321	0.856	25.051	25.132	2.943	6.892	81423.159	26.308
1024.833	27.457	178.821	965.081	640.088	0.857	25.028	25.112	2.947	6.902	81415.386	26.303
1025.834	27.439	178.993	966.233	640.306	0.860	25.010	25.099	2.945	6.872	81411.988	26.597
1026.834	27.540	178.798	968.687	640.355	0.855	25.086	25.182	2.960	6.868	81426.654	26.366
1027.833	27.481	178.759	969.805	641.013	0.855	25.061	25.149	2.964	6.842	81433.400	26.205
1028.834	27.323	178.974	968.787	641.477	0.862	25.033	25.118	2.966	6.842	81431.540	26.770
1029.833	27.284	178.876	967.039	640.791	0.849	25.078	25.176	2.954	6.822	81416.235	26.622
1030.834	27.313	178.790	965.650	641.279	0.855	25.074	25.156	2.961	6.828	81416.680	26.298
1031.833	27.436	178.802	967.533	640.764	0.855	25.087	25.143	2.991	6.861	81436.321	26.865
1032.833	27.440	178.814	973.801	639.204	0.854	25.103	25.181	3.000	6.862	81446.480	26.449
1033.834	27.474	178.840	981.761	637.263	0.856	25.051	25.116	2.972	6.922	81443.196	26.741
1034.834	27.354	178.984	980.705	636.393	0.855	25.052	25.131	2.974	6.911	81419.584	26.968
1035.833	27.450	178.728	975.664	635.270	0.856	24.949	25.050	2.969	6.892	81377.342	26.527
1036.833	27.468	178.616	971.989	636.051	0.854	25.011	25.090	2.968	6.872	81364.529	26.406
1037.834	27.498	178.613	968.458	636.197	0.851	24.980	25.066	2.960	6.872	81360.760	26.554
1038.834	27.526	178.727	967.958	636.340	0.854	24.972	25.041	2.955	6.882	81369.528	26.652
1039.835	27.451	178.677	966.378	636.606	0.849	25.018	25.109	2.961	6.882	81361.585	26.289
1040.837	27.483	178.848	965.679	637.425	0.847	25.002	25.095	2.945	6.912	81387.195	26.730
1041.837	27.609	178.795	964.069	638.079	0.856	25.018	25.118	2.958	6.932	81386.880	26.559
1042.836	27.473	178.994	964.957	637.915	0.855	24.985	25.081	2.950	6.902	81399.159	26.887
1043.836	27.373	178.777	963.921	638.344	0.851	25.074	25.138	2.953	6.912	81395.268	26.598
1044.837	27.512	178.777	963.545	638.586	0.846	25.060	25.150	2.964	6.922	81417.853	27.048
1045.836	27.478	178.632	963.943	639.044	0.853	24.996	25.069	2.962	6.872	81408.478	26.826
1046.837	27.335	178.777	961.802	640.542	0.846	25.016	25.088	2.948	6.822	81389.638	26.858
1047.837	27.453	178.740	962.154	639.794	0.852	24.999	25.104	2.955	6.832	81387.947	26.794
1048.836	27.521	178.749	961.773	640.246	0.857	25.037	25.117	2.949	6.832	81393.545	26.905
1049.836	27.567	178.583	964.758	640.437	0.851	25.045	25.141	2.957	6.802	81401.618	26.571
1050.836	27.391	178.821	966.395	639.501	0.857	25.024	25.083	2.959	6.862	81435.560	26.831
1051.836	27.440	178.673	964.741	639.836	0.854	24.978	25.088	2.960	6.902	81426.047	26.370
1052.836	27.573	178.702	962.306	639.949	0.854	25.026	25.118	2.957	6.892	81412.247	26.638
1053.836	27.675	178.797	960.047	639.973	0.854	25.006	25.090	2.934	6.892	81368.420	26.713
1054.836	27.680	178.825	961.011	640.172	0.853	25.035	25.131	2.962	6.872	81370.766	26.725
1055.838	27.649	178.775	961.717	640.056	0.852	24.966	25.065	2.941	6.862	81385.359	26.279
1056.838	27.835	179.171	963.442	640.234	0.850	24.963	25.044	2.949	6.842	81432.179	26.693
1057.838	28.019	179.196	963.450	640.828	0.861	25.008	25.097	2.962	6.872	81432.324	26.810
1058.837	28.106	179.303	965.202	640.410	0.848	25.052	25.127	2.945	6.892	81438.844	27.095
1059.837	27.851	179.150	963.970	641.485	0.859	25.050	25.146	2.935	6.931	81426.411	26.858
1060.837	27.886	179.048	961.536	641.764	0.850	25.048	25.140	2.957	6.932	81437.688	26.497
1061.838	27.729	179.172	958.255	641.856	0.846	24.990	25.086	2.935	6.892	81432.163	26.613
1062.838	27.745	179.006	954.798	642.491	0.854	25.024	25.115	2.952	6.921	81432.179	26.465
1063.838	27.881	178.991	955.557	642.935	0.848	25.053	25.150	2.955	6.930	81456.721	27.067
1064.837	27.935	179.033	955.293	643.160	0.850	25.011	25.103	2.957	6.932	81459.577	26.799
1065.837	27.766	179.000	954.544	644.090	0.853	24.995	25.084	2.956	6.922	81432.357	26.577
1066.838	27.783	178.860	954.053	643.635	0.844	24.980	25.058	2.948	6.922	81385.666	26.551
1067.837	27.938	178.921	957.620	642.531	0.844	25.033	25.104	2.992	6.932	81400.348	26.689
1068.837	27.678	178.884	963.833	640.793	0.850	25.028	25.061	2.985	6.912	81397.970	26.515
1069.837	27.698	178.864	965.924	639.245	0.855	25.035	25.090	2.970	6.912	81393.553	26.465
1070.837	27.673	179.061	963.570	638.444	0.857	25.025	25.113	2.941	6.902	81387.689	26.936
1071.839	27.589	179.012	962.796	638.357	0.851	25.013	25.086	2.951	6.931	81384.356	27.091
1072.839	27.412	178.862	961.145	637.474	0.852	25.033	25.113	2.966	6.924	81362.458	26.832
1073.839	27.341	178.780	960.606	637.478	0.851	25.041	25.134	2.950	6.852	81359.457	26.897
1074.838	27.414	178.891	960.265	638.127	0.858	25.043	25.116	2.964	6.852	81383.790	27.004
1075.839	27.347	178.637	959.577	637.974	0.850	25.028	25.112	2.958	6.842	81387.810	26.556
1076.840	27.343	178.625	959.644	638.038	0.855	25.109	25.168	2.958	6.832	81397.048	26.416
1077.839	27.402	178.902	959.940	638.035	0.850	25.041	25.120	2.962	6.882	81420.288	26.828
1078.840	27.424	178.917	960.328	638.770	0.851	25.011	25.107	2.955	6.912	81421.315	26.924
1079.840	27.472	178.626	959.511	639.048	0.850	25.057	25.145	2.956	6.912	81412.005	26.530
1080.841	27.497	178.574	959.109	639.407	0.858	25.050	25.142	2.939	6.912	81410.985	26.659
1081.841	27.508	178.599	959.775	640.172	0.854	25.040	25.107	2.956	6.912	81398.237	26.607
1082.841	27.293	178.574	960.159	640.745	0.851	25.047	25.132	2.949	6.862	81387.591	26.350
1083.842	27.399	178.640	961.290	641.015	0.855	25.058	25.142	2.969	6.862	81409.424	26.682
1084.842	27.305	178.669	960.880	641.237	0.853	25.078	25.157	2.953	6.902	81421.404	26.713
1085.843	27.300	178.513	960.072	641.640	0.855	25.098	25.194	2.951	6.902	81423.038	26.383
1086.842	27.329	178.570	960.913	641.748	0.853	25.103	25.170	2.951	6.912	81431.467	26.361
1087.842	27.401	178.816	962.408	641.454	0.857	25.042	25.117	2.944	6.942	81435.827	26.858
1088.842	27.478	178.664	961.683	641.909	0.853	25.026	25.118	2.940	6.962	81422.440	26.459
1089.842	27.513	178.658	961.822	642.722	0.854	25.011	25.082	2.944	6.932	81412.077	26.250
1090.844	27.613	178.728	962.037	642.380	0.850	25.040	25.122	2.937	6.882	81416.850	26.170
1091.844	27.610	178.832	962.225	642.243	0.850	25.070	25.164	2.950	6.832	81418.476	26.747
1092.844	27.807	178.922	964.620	642.790	0.850	25.035	25.124	2.948	6.832	81445.065	26.545
1093.845	27.615	179.001	964.544	643.203	0.854	25.052	25.147	2.953	6.801	81433.740	26.358
1094.846	27.597	178.871	961.447	642.910	0.851	25.040	25.120	2.938	6.862	81427.681	26.159
1095.846	27.562	178.949	961.753	642.896	0.854	25.115	25.167	2.986	6.892	81424.292	26.467
1096.845	27.541	179.038	967.074	641.111	0.857	25.021	25.083	2.979	6.898	81420.935	26.387
1097.845	27.713	179.113	970.004	638.927	0.849	24.970	25.028	2.983	6.951	81415.572	26.709
1098.846	27.618	178.870	972.094	637.157	0.853	24.889	24.949	2.986	6.912	81357.540	26.239
1099.846	27.635	178.803	968.300	634.380	0.764	19.105	19.044	2.075	6.902	81146.332	21.715
1100.846	27.926	173.088	912.183	623.648	0.461	12.440	12.466	1.247	3.444	71796.664	16.490
1101.846	27.997	162.242	847.190	612.447	0.331	9.034	9.040	0.862	3.363	61845.543	14.550
1102.845	28.034	151.697	794.279	599.764	0.251	7.349	7.408	0.753	2.973	54583.792	13.966
1103.845	28.273	142.834	757.233	589.103	0.214	6.515	6.590	0.657	3.153	51792.700	13.554
1104.845	28.428	135.794	734.828	579.613	0.195	6.085	6.166	0.623	3.293	47929.660	13.297
1105.845	28.809	130.275	720.544	570.714	0.184	5.866	5.953	0.602	3.343	46598.827	13.111
1106.846	28.887	126.024	711.084	563.327	0.179	4.441	4.504	0.519	1.862	45560.134	12.656
1107.846	28.993	121.594	670.520	552.994	0.119	2.813	2.911	0.325	-0.048	38268.735	11.483
1108.845	29.149	117.508	623.143	541.234	0.076	1.900	2.017	0.214	-0.048	33033.296	11.232
1109.846	29.117	113.772	579.696	530.538	0.050	1.371	1.513	0.155	-0.048	28199.484	10.618
1110.846	29.249	110.977	542.010	519.693	0.034	1.038	1.193	0.130	-0.048	23930.026	10.683
1111.845	29.524	108.585	509.505	509.034	0.023	0.808	0.972	0.107	-0.048	20685.324	10.341
1112.845	29.683	106.776	481.309	500.222	0.016	0.646	0.817	0.092	-0.048	18141.787	10.089
1113.846	29.729	105.789	458.108	491.198	0.011	0.538	0.711	0.083	-0.048	16140.707	10.317
1114.848	30.001	104.726	436.366	481.724	0.007	0.451	0.628	0.075	-0.048	14512.997	10.449
1115.849	30.241	103.939	418.619	473.486	0.004	0.383	0.564	0.069	-0.048	13150.805	10.310
1116.849	30.242	103.476	402.439	465.924	0.001	0.332	0.515	0.064	-0.048	12009.591	10.094
1117.850	30.667	102.847	388.437	458.657	-0.001	0.292	0.476	0.060	-0.048	11052.033	9.964
1118.850	30.722	102.432	376.392	452.117	-0.002	0.261	0.448	0.058	-0.048	10369.360	9.728
