0,0,-0.004742861,-5.781651E-06,-0.004849881,-0.0049209,0,0.004835367,0,0.00480172,4.440546E-06,2.086163E-07,0.00997135,0,0,7.748604E-07,-4.291534E-06,0.009714127,24,24,24,24,24,24,24,24,24,24,24,24,24,24,24,24
1,1000,-0.004742861,0.004880816,2.160668E-07,-0.0049209,0,-0.004835367,0.004758954,0.009617448,4.440546E-06,-0.004879981,8.940697E-08,0.005555153,0,7.748604E-07,-4.291534E-06,-2.920628E-06,24,24,24,24,24,24,24,24,24,24,24,24,24,24,24,24
2,2000,-0.004742861,0.004880816,2.160668E-07,-0.0049209,0,-0.004835367,0,0.00480172,0.004963309,-0.004879981,0.00498572,0.005555153,-0.004796207,7.748604E-07,-4.291534E-06,0.004855096,24,24,24,24,24,24,24,24,24,24,24,24,24,24,24,24
3,3000,-0.004742861,0.004880816,-0.004849881,6.556511E-07,0,0,0,0.00480172,4.440546E-06,2.086163E-07,0.004984736,0,0,7.748604E-07,-4.291534E-06,0.004855096,24,24,24,24,24,24,24,24,24,24,24,24,24,24,24,24
4,4000,-0.004742861,-5.781651E-06,-0.004849881,6.556511E-07,0,0,0.009517908,0.00480172,4.440546E-06,2.086163E-07,0.00997135,0.005555153,-0.004796207,-0.004767179,-4.291534E-06,0.004855096,24,24,24,24,24,24,24,24,24,24,24,24,24,24,24,24
5,5000,-0.004742861,0.004880816,-0.004850835,6.556511E-07,0.004990906,-0.004835367,0.004758954,0.00480172,4.440546E-06,-0.004879981,8.940697E-08,0,-0.004796207,7.748604E-07,-4.291534E-06,-2.920628E-06,24,24,24,24,24,24,24,24,24,24,24,24,24,24,24,24
6,6000,-0.004742861,-5.781651E-06,2.160668E-07,6.556511E-07,-0.004990906,0,0.004758954,0.00480172,4.440546E-06,2.086163E-07,0.00498572,0,0,7.748604E-07,-4.291534E-06,0.004855096,24,24,24,24,24,24,24,24,24,24,24,24,24,24,24,24
7,7000,-0.004742861,0.004880816,-0.004850835,6.556511E-07,0,0,0.004758954,0.009617448,4.440546E-06,2.086163E-07,0.00498572,0,0,7.748604E-07,-4.291534E-06,0.004855096,24,24,24,24,24,24,24,24,24,24,24,24,24,24,24,24
8,8000,-0.004742861,-0.004892379,-0.004850835,6.556511E-07,0,0,0.004758954,0.00480172,4.440546E-06,2.086163E-07,0.00498572,0,-0.004796207,7.748604E-07,0.004846632,0.004855096,24,24,24,24,24,24,24,24,24,24,24,24,24,24,24,24
9,9000,-0.004742861,-5.781651E-06,2.160668E-07,6.556511E-07,0.004990906,0,0.004758954,0.00480172,4.440546E-06,2.086163E-07,0.00498572,0,0,7.748604E-07,-4.291534E-06,-2.920628E-06,24,24,24,24,24,24,24,24,24,24,24,24,24,24,24,24
10,10000,-0.004742861,0.004880816,-0.004849881,-0.0049209,-0.004990906,0,0.004758954,0.00480172,4.440546E-06,-0.004879981,0.00997135,0.005556136,0,7.748604E-07,-0.004855156,0.004855096,24,24,24,24,24,24,24,24,24,24,24,24,24,24,24,24
11,11000,-0.01897126,24.1452,21.18546,44.92562,9.198133,8.309352,4.154557,7.423795,6.332469,0.3170191,4.302599,0.2500832,2.292147,4.122735,5.023148,0.004855096,24,24,24,24,24,24,24,24,24,24,24,24,24,24,24,24
12,12000,-0.01422846,78.11214,58.50239,61.66895,31.05118,23.95881,10.37449,24.4673,21.36447,1.668007,15.2311,1.372685,10.49208,13.13079,13.66334,0.004855096,24,24,24,24,24,24,24,24,24,24,24,24,24,24,24,24
13,13000,-0.01422846,77.64879,57.92634,60.7898,34.0726,25.43192,10.83611,26.17944,23.9641,2.999487,17.7221,2.467499,14.46257,14.20794,14.42942,-2.920628E-06,24,24,24,24,24,24,24,24,24,24,24,24,24,24,24,24
14,14000,-0.01422846,76.5904,57.0889,59.91557,33.79838,25.29185,10.64575,25.92935,24.22159,4.287071,18.24512,3.490067,15.52233,14.06496,14.26942,0.004855096,24,24,24,24,24,24,24,24,24,24,24,24,24,24,24,24
15,15000,-0.01897126,75.5564,56.27566,59.06589,33.29481,24.91995,10.41257,25.49651,23.9542,5.521007,18.16542,4.462618,15.49356,13.76945,13.9785,0.004855096,24,24,24,24,24,24,24,24,24,24,24,24,24,24,24,24
16,16000,-0.009485662,74.5858,55.49147,58.23095,32.81118,24.55288,10.17938,25.05885,23.56302,6.696415,17.90142,5.379595,15.23461,13.45489,13.6585,0.004855096,24,24,24,24,24,24,24,24,24,24,24,24,24,24,24,24
17,17000,-0.02371407,73.54692,54.66854,57.39109,32.32755,24.16167,9.94619,24.61158,23.14707,7.798665,17.57765,6.224325,14.91333,13.13079,13.34819,0.004855096,24,24,24,24,24,24,24,24,24,24,24,24,24,24,24,24
18,18000,-0.01897126,72.63486,53.94728,56.64946,31.87384,23.76079,9.727278,24.19797,22.74104,8.837511,17.23395,7.007923,14.60163,12.83529,13.05727,-2.920628E-06,24,24,24,24,24,24,24,24,24,24,24,24,24,24,24,24
19,19000,-0.01897126,71.61549,53.1292,55.78996,31.40018,23.36474,9.49885,23.7507,22.32014,9.808077,16.88527,7.70816,14.27556,12.52072,12.74211,0.004855096,24,24,24,24,24,24,24,24,24,24,24,24,24,24,24,24
20,20000,-0.01897126,70.70341,52.41278,55.04834,30.95644,22.9542,9.289455,23.3419,21.91906,10.70061,16.53658,8.347264,13.96386,12.22998,12.44635,-2.920628E-06,24,24,24,24,24,24,24,24,24,24,24,24,24,24,24,24
21,21000,-0.01897126,69.71819,51.63826,54.2183,30.49775,22.55333,9.065786,22.90905,21.50312,11.51022,16.1879,8.914123,13.65217,11.92018,12.13119,-2.920628E-06,24,24,24,24,24,24,24,24,24,24,24,24,24,24,24,24
22,22000,-0.01897126,68.90367,50.97993,53.57,30.08891,22.18626,8.875427,22.51468,21.12184,12.24668,15.85915,9.414291,13.35966,11.63898,11.84997,0.009714127,24,24,24,24,24,24,24,24,24,24,24,24,24,24,24,24
23,23000,-0.01897126,67.89893,50.20057,52.72032,29.64018,21.77089,8.670794,22.09627,20.73065,12.90999,15.52525,9.842215,13.04796,11.34824,11.55905,0.004855096,24,24,24,24,24,24,24,24,24,24,24,24,24,24,24,24
24,24000,-0.01897126,67.03076,49.50835,52.02781,29.19644,21.37967,8.461399,21.68747,20.32462,13.47086,15.18623,10.20345,12.73627,11.05274,11.2439,-2.920628E-06,24,24,24,24,24,24,24,24,24,24,24,24,24,24,24,24
25,25000,-0.02371407,66.23087,48.86938,51.36967,28.81253,21.02226,8.290077,21.32676,19.96809,13.96346,14.87214,10.49243,12.46294,10.79537,11.00147,0.004855096,24,24,24,24,24,24,24,24,24,24,24,24,24,24,24,24
26,26000,-0.02371407,65.31393,48.14327,50.61332,28.38873,20.62622,8.094961,20.91796,19.58681,14.37315,14.54807,10.72585,12.16563,10.5094,10.70085,0.004855096,24,24,24,24,24,24,24,24,24,24,24,24,24,24,24,24
27,27000,-0.02845681,64.50429,47.49945,49.94536,27.99984,20.25915,7.91888,20.54283,19.22039,14.69992,14.23398,10.89257,11.88751,10.24249,10.44388,-2.920628E-06,24,24,24,24,24,24,24,24,24,24,24,24,24,24,24,24
28,28000,-0.02845681,63.71903,46.87452,49.30196,27.61094,19.9114,7.747558,20.17732,18.87377,14.95354,13.92985,10.98705,11.61897,9.985119,10.18205,0.004855096,24,24,24,24,24,24,24,24,24,24,24,24,24,24,24,24
29,29000,-0.01897126,62.91421,46.25441,48.65366,27.23202,19.56365,7.571477,19.81661,18.5222,15.12424,13.63071,11.02039,11.34084,9.732512,9.929926,-2.920628E-06,24,24,24,24,24,24,24,24,24,24,24,24,24,24,24,24
30,30000,-0.02371407,62.10445,45.61008,47.99061,26.84811,19.21107,7.400156,19.45591,18.17558,15.20228,13.33158,10.98705,11.07231,9.475139,9.653556,-2.920628E-06,24,24,24,24,24,24,24,24,24,24,24,24,24,24,24,24
31,31000,-0.02371407,61.25566,44.93184,47.2637,26.45423,18.86332,7.224074,19.09039,17.83392,15.17789,13.04241,10.90924,10.79898,9.213,9.396581,0.004855096,24,24,24,24,24,24,24,24,24,24,24,24,24,24,24,24
32,32000,-0.02371407,60.51908,44.35534,46.67918,26.08528,18.51557,7.057512,18.74412,17.4873,15.08035,12.73829,10.80365,10.54003,8.965159,9.144453,-2.920628E-06,24,24,24,24,24,24,24,24,24,24,24,24,24,24,24,24
33,33000,-0.01897126,59.74834,43.74977,46.04063,25.71632,18.18715,6.900466,18.39784,17.15554,14.94866,12.45909,10.67583,10.28109,8.722085,8.892326,0.004855096,24,24,24,24,24,24,24,24,24,24,24,24,24,24,24,24
34,34000,-0.02371407,59.01663,43.16358,45.44629,25.36233,17.86354,6.738662,18.06599,16.82873,14.78284,12.1799,10.53689,10.02694,8.483776,8.6402,0.004855096,24,24,24,24,24,24,24,24,24,24,24,24,24,24,24,24
35,35000,-0.02371407,58.28004,42.58223,44.83721,25.00335,17.55443,6.586376,17.73415,16.51182,14.60238,11.91067,10.38129,9.772787,8.245468,8.407467,0.004855096,24,24,24,24,24,24,24,24,24,24,24,24,24,24,24,24
36,36000,-0.02371407,57.5337,41.99119,44.22813,24.63938,17.21152,6.43409,17.39749,16.18996,14.40241,11.63148,10.22012,9.513842,8.002394,8.165037,0.004855096,24,24,24,24,24,24,24,24,24,24,24,24,24,24,24,24
37,37000,-0.02845681,56.78247,41.40015,43.61415,24.27541,16.89275,6.277045,17.06083,15.8582,14.19269,11.3473,10.04228,9.264487,7.773618,7.903213,0.004855096,24,24,24,24,24,24,24,24,24,24,24,24,24,24,24,24
38,38000,-0.02371407,56.09954,40.86725,43.04436,23.94635,16.58846,6.129518,16.75303,15.55595,13.97322,11.08306,9.858887,9.019928,7.549608,7.694724,0.004855096,24,24,24,24,24,24,24,24,24,24,24,24,24,24,24,24
39,39000,-0.02371407,55.40198,40.30044,42.45985,23.59734,16.28418,5.98675,16.43561,15.25346,13.74887,10.81882,9.675491,8.780163,7.316066,7.442596,0.004855096,24,24,24,24,24,24,24,24,24,24,24,24,24,24,24,24
40,40000,-0.02845681,54.68491,39.74331,41.89006,23.25332,15.96542,5.839222,16.10376,14.93609,13.51476,10.55458,9.480981,8.526013,7.082524,7.200167,0.004855096,24,24,24,24,24,24,24,24,24,24,24,24,24,24,24,24
41,41000,-0.01897126,54.01661,39.20557,41.34484,22.92425,15.67073,5.701213,15.80558,14.64352,13.27578,10.29533,9.292028,8.295839,6.86328,6.972283,-2.920628E-06,24,24,24,24,24,24,24,24,24,24,24,24,24,24,24,24
42,42000,-0.02845681,53.37758,38.70658,40.80944,22.59519,15.37086,5.567963,15.51198,14.35095,13.04167,10.04605,9.091961,8.070461,6.653569,6.754096,0.004855096,24,24,24,24,24,24,24,24,24,24,24,24,24,24,24,24
43,43000,-0.02371407,52.76782,38.21243,40.30352,22.29604,15.10484,5.448989,15.23275,14.07821,12.80756,9.811722,8.891893,7.854674,6.448624,6.535909,0.004855096,24,24,24,24,24,24,24,24,24,24,24,24,24,24,24,24
44,44000,-0.02371407,52.12392,37.71828,39.78777,21.99688,14.82431,5.320498,14.9487,13.80547,12.57346,9.582382,8.697383,7.634091,6.248445,6.332268,-2.920628E-06,24,24,24,24,24,24,24,24,24,24,24,24,24,24,24,24
45,45000,-0.02845681,51.42635,37.166,39.21307,21.66283,14.52928,5.187247,14.64058,13.5129,12.33447,9.328115,8.497315,7.403917,6.024435,6.094687,0.004855096,24,24,24,24,24,24,24,24,24,24,24,24,24,24,24,24
46,46000,-0.01897126,50.85074,36.71061,38.74644,21.36368,14.26326,5.073033,14.37579,13.25504,12.10037,9.103762,8.297248,7.202515,5.833788,5.900743,0.004855096,24,24,24,24,24,24,24,24,24,24,24,24,24,24,24,24
47,47000,-0.02371407,50.2361,36.21647,38.2356,21.05954,13.99241,4.9493,14.10137,12.99222,11.86626,8.874423,8.102736,6.991523,5.638375,5.7068,-2.920628E-06,24,24,24,24,24,24,24,24,24,24,24,24,24,24,24,24
48,48000,-0.02845681,49.64586,35.74655,37.75423,20.7604,13.73123,4.835085,13.83176,12.72444,11.63703,8.650069,7.90267,6.785326,5.442963,5.508007,-2.920628E-06,24,24,24,24,24,24,24,24,24,24,24,24,24,24,24,24
49,49000,-0.02371407,49.04098,35.27662,37.25813,20.46623,13.46522,4.720871,13.55734,12.46658,11.40293,8.425716,7.70816,6.579129,5.252316,5.318912,0.009714127,24,24,24,24,24,24,24,24,24,24,24,24,24,24,24,24
50,50000,-0.02371407,48.4361,34.8067,36.76202,20.16708,13.19436,4.611415,13.28773,12.20872,11.16882,8.206348,7.513649,6.382522,5.066435,5.124968,0.004855096,24,24,24,24,24,24,24,24,24,24,24,24,24,24,24,24
51,51000,-0.02371407,47.85561,34.34647,36.3003,19.87292,12.93802,4.4972,13.02294,11.95086,10.94447,7.98698,7.319139,6.18112,4.875789,4.926176,0.009714127,24,24,24,24,24,24,24,24,24,24,24,24,24,24,24,24
52,52000,-0.02371407,47.23108,33.85717,35.77473,19.58374,12.68168,4.387745,12.75815,11.70291,10.72499,7.777584,7.124629,5.979719,4.689908,4.741929,0.004855096,24,24,24,24,24,24,24,24,24,24,24,24,24,24,24,24
53,53000,-0.02845681,46.62105,33.37271,35.29336,19.26963,12.40599,4.27353,12.47891,11.43514,10.49576,7.55323,6.935676,5.773521,4.499261,4.552834,0.004855096,24,24,24,24,24,24,24,24,24,24,24,24,24,24,24,24
54,54000,-0.02371407,46.15742,32.99968,34.90041,19.02034,12.18834,4.183111,12.25745,11.20703,10.27141,7.363776,6.746724,5.600891,4.337212,4.387981,0.004855096,24,24,24,24,24,24,24,24,24,24,24,24,24,24,24,24
55,55000,-0.02845681,45.55227,32.52975,34.39448,18.74113,11.94651,4.083172,12.01192,10.97892,10.05194,7.159365,6.557771,5.423466,4.170396,4.213432,0.004855096,24,24,24,24,24,24,24,24,24,24,24,24,24,24,24,24
56,56000,-0.02371407,45.02521,32.11312,33.96714,18.47189,11.70951,3.983235,11.76638,10.74585,9.83734,6.95994,6.374376,5.23645,3.998814,4.038882,0.004855096,24,24,24,24,24,24,24,24,24,24,24,24,24,24,24,24
57,57000,-0.02845681,44.4591,31.67227,33.52016,18.1877,11.45801,3.878538,11.51122,10.50783,9.622743,6.755529,6.185423,5.054229,3.822466,3.869182,0.004855096,24,24,24,24,24,24,24,24,24,24,24,24,24,24,24,24
58,58000,-0.02371407,43.99059,31.2943,33.12721,17.93841,11.2452,3.792877,11.29939,10.2946,9.408145,6.571061,6.007585,4.886395,3.665183,3.718875,0.004855096,24,24,24,24,24,24,24,24,24,24,24,24,24,24,24,24
59,59000,-0.02371407,43.48793,30.91146,32.69987,17.69909,11.03238,3.702457,11.08755,10.09128,9.198425,6.40155,5.829747,4.72815,3.522198,3.573418,0.004855096,24,24,24,24,24,24,24,24,24,24,24,24,24,24,24,24
60,60000,-0.02371407,42.96086,30.48501,32.29218,17.42487,10.78572,3.607278,10.84683,9.858218,8.993582,6.202124,5.651909,4.550725,3.355382,3.413414,0.004855096,24,24,24,24,24,24,24,24,24,24,24,24,24,24,24,24
61,61000,-0.02371407,42.51188,30.1361,31.91888,17.19552,10.59709,3.526376,10.635,9.654905,8.788739,6.042584,5.479629,4.397275,3.212397,3.272805,-2.920628E-06,24,24,24,24,24,24,24,24,24,24,24,24,24,24,24,24
62,62000,-0.01897126,41.90184,29.66118,31.41278,16.91132,10.34074,3.426439,10.37984,9.41688,8.583896,5.838173,5.301791,4.215055,3.031282,3.093407,0.004855096,24,24,24,24,24,24,24,24,24,24,24,24,24,24,24,24
63,63000,-0.02371407,41.38454,29.24927,30.99488,16.65206,10.11342,3.345536,10.15837,9.203649,8.379053,5.648719,5.12951,4.052015,2.883531,2.9431,0.004855096,24,24,24,24,24,24,24,24,24,24,24,24,24,24,24,24
64,64000,-0.02371407,40.91115,28.88097,30.59665,16.40277,9.900609,3.259876,9.94654,8.995377,8.179088,5.479208,4.962788,3.884181,2.73578,2.797642,0.004855096,24,24,24,24,24,24,24,24,24,24,24,24,24,24,24,24
65,65000,-0.02371407,40.42313,28.49329,30.20824,16.14849,9.68296,3.169456,9.720263,8.782146,7.983999,5.29474,4.78495,3.730732,2.578496,2.647336,0.004855096,24,24,24,24,24,24,24,24,24,24,24,24,24,24,24,24
66,66000,-0.02371407,39.98878,28.15891,29.85918,15.91416,9.484657,3.093313,9.518059,8.58875,7.78891,5.130214,4.623784,3.577283,2.440278,2.506727,-2.920628E-06,24,24,24,24,24,24,24,24,24,24,24,24,24,24,24,24
67,67000,-0.02371407,39.5398,27.79546,29.48552,15.69475,9.286355,3.021928,9.325482,8.400313,7.5987,4.975659,4.462618,3.43822,2.306825,2.385512,0.004855096,24,24,24,24,24,24,24,24,24,24,24,24,24,24,24,24
68,68000,-0.02371407,39.05178,27.41747,29.09712,15.45007,9.073543,2.931509,9.108835,8.197001,7.413365,4.806148,4.301452,3.279975,2.154308,2.235205,0.004855096,24,24,24,24,24,24,24,24,24,24,24,24,24,24,24,24
69,69000,-0.01897126,38.56863,27.03948,28.70872,15.20039,8.865566,2.855365,8.892187,7.998646,7.218277,4.631651,4.140287,3.126526,2.011323,2.094596,-2.920628E-06,24,24,24,24,24,24,24,24,24,24,24,24,24,24,24,24
70,70000,-0.02845681,38.15869,26.71964,28.38424,14.98067,8.667264,2.779222,8.70924,7.810209,7.032943,4.472111,3.979121,2.982668,1.87787,1.968533,0.004855096,24,24,24,24,24,24,24,24,24,24,24,24,24,24,24,24
71,71000,-0.02371407,37.77803,26.40949,28.04992,14.78593,8.507655,2.722115,8.540736,7.651525,6.852485,4.337499,3.823513,2.862786,1.763482,1.857015,-2.920628E-06,24,24,24,24,24,24,24,24,24,24,24,24,24,24,24,24
72,72000,-0.02371407,37.34857,26.07027,27.70085,14.56621,8.314189,2.645972,8.34816,7.473007,6.676906,4.192915,3.673462,2.728518,1.634796,1.730951,0.004855096,24,24,24,24,24,24,24,24,24,24,24,24,24,24,24,24
73,73000,-0.02371407,36.89959,25.73105,27.35178,14.3415,8.120723,2.569829,8.155584,7.289529,6.501327,4.033375,3.523411,2.589454,1.501343,1.600039,0.004855096,24,24,24,24,24,24,24,24,24,24,24,24,24,24,24,24
74,74000,-0.02371407,36.48964,25.40636,27.00762,14.12678,7.946604,2.503204,7.972637,7.115969,6.330624,3.888792,3.37336,2.455187,1.377423,1.473976,0.004855096,24,24,24,24,24,24,24,24,24,24,24,24,24,24,24,24
75,75000,-0.02371407,35.95282,24.97991,26.56514,13.86711,7.714445,2.417543,7.751174,6.907697,6.150167,3.71928,3.22331,2.296942,1.224905,1.323669,-2.920628E-06,24,24,24,24,24,24,24,24,24,24,24,24,24,24,24,24
76,76000,-0.02371407,35.6356,24.72307,26.29965,13.67736,7.554836,2.360435,7.592299,6.744054,5.979464,3.574697,3.084374,2.172265,1.110518,1.217,-2.920628E-06,24,24,24,24,24,24,24,24,24,24,24,24,24,24,24,24
77,77000,-0.02845681,35.20614,24.39354,25.95058,13.46263,7.37588,2.29381,7.409352,6.570494,5.813639,3.435099,2.939881,2.042793,0.9865972,1.100634,-2.920628E-06,24,24,24,24,24,24,24,24,24,24,24,24,24,24,24,24
78,78000,-0.02371407,34.79132,24.06401,25.62118,13.24791,7.192087,2.217667,7.221591,6.396934,5.647813,3.285531,2.795388,1.908525,0.8579107,0.9745705,0.004855096,24,24,24,24,24,24,24,24,24,24,24,24,24,24,24,24
79,79000,-0.02845681,34.3765,23.74417,25.28194,13.02819,6.988948,2.155801,7.033829,6.218415,5.481988,3.135962,2.650894,1.769461,0.7292242,0.8533556,0.004855096,24,24,24,24,24,24,24,24,24,24,24,24,24,24,24,24
80,80000,-0.02845681,33.98119,23.42918,24.94762,12.82346,6.834176,2.089176,6.865325,6.054772,5.316164,2.991378,2.517515,1.644784,0.6148362,0.7369893,-2.920628E-06,24,24,24,24,24,24,24,24,24,24,24,24,24,24,24,24
81,81000,-0.02371407,33.62006,23.14811,24.65755,12.6387,6.664893,2.027309,6.701635,5.901048,5.160092,2.871723,2.37858,1.524902,0.5052144,0.6400174,0.004855096,24,24,24,24,24,24,24,24,24,24,24,24,24,24,24,24
82,82000,-0.01897126,33.21011,22.83311,24.32323,12.43396,6.490774,1.965443,6.523503,5.737405,5.004021,2.732126,2.239645,1.400225,0.3955926,0.5236511,0.004855096,24,24,24,24,24,24,24,24,24,24,24,24,24,24,24,24
83,83000,-0.02371407,32.83921,22.53751,24.03316,12.21924,6.311818,1.908336,6.34537,5.573763,4.843073,2.592528,2.106266,1.270752,0.2716722,0.4072849,0.004855096,24,24,24,24,24,24,24,24,24,24,24,24,24,24,24,24
84,84000,-0.02371407,32.50248,22.27582,23.73326,12.04946,6.171555,1.855988,6.205752,5.429956,4.691879,2.472873,1.978444,1.160461,0.1715828,0.3054643,0.004855096,24,24,24,24,24,24,24,24,24,24,24,24,24,24,24,24
85,85000,-0.02371407,32.11206,21.96567,23.43335,11.83973,5.992599,1.794121,6.032434,5.271273,4.540686,2.333275,1.845067,1.040579,0.0524286,0.1939467,-2.920628E-06,24,24,24,24,24,24,24,24,24,24,24,24,24,24,24,24
86,86000,-0.02371407,31.75092,21.6846,23.13345,11.64997,5.828153,1.741773,5.868744,5.112589,4.389493,2.203649,1.717245,0.9159012,-0.06197494,0.08242896,0.004855096,24,24,24,24,24,24,24,24,24,24,24,24,24,24,24,24
87,87000,-0.02371407,31.39459,21.40353,22.83846,11.46022,5.67338,1.679907,5.709869,4.958865,4.238298,2.079008,1.589424,0.8056098,-0.1716231,-0.01455694,0.004855096,24,24,24,24,24,24,24,24,24,24,24,24,24,24,24,24
88,88000,-0.02845681,30.965,21.06431,22.49431,11.2405,5.494424,1.622799,5.522108,4.790263,4.091982,1.934425,1.467161,0.6713418,-0.2955732,-0.1503822,0.004855096,24,24,24,24,24,24,24,24,24,24,24,24,24,24,24,24
89,89000,-0.02371407,30.66233,20.8317,22.2534,11.07571,5.344489,1.565692,5.38249,4.651415,3.950543,1.809784,1.33934,0.5706409,-0.3909194,-0.2376984,0.004855096,24,24,24,24,24,24,24,24,24,24,24,24,24,24,24,24
90,90000,-0.02371407,30.32549,20.56517,21.97316,10.88596,5.189716,1.518103,5.233244,4.502649,3.799349,1.690129,1.222634,0.4555542,-0.5005676,-0.35412,0.004855096,24,24,24,24,24,24,24,24,24,24,24,24,24,24,24,24
91,91000,-0.02371407,29.94471,20.25987,21.65359,10.70119,5.020433,1.451477,5.069554,4.348925,3.667665,1.565488,1.094813,0.3356721,-0.614983,-0.451138,0.004855096,24,24,24,24,24,24,24,24,24,24,24,24,24,24,24,24
92,92000,-0.02845681,29.56394,19.96426,21.36844,10.48148,4.836641,1.39437,4.891422,4.185282,3.521349,1.415919,0.9725497,0.2014043,-0.7293985,-0.5772614,-2.920628E-06,24,24,24,24,24,24,24,24,24,24,24,24,24,24,24,24
93,93000,-0.02845681,29.14899,19.64442,21.01937,10.27175,4.662521,1.337263,4.713289,4.016681,3.370154,1.276322,0.8502852,0.07672691,-0.858116,-0.6985339,-2.920628E-06,24,24,24,24,24,24,24,24,24,24,24,24,24,24,24,24
94,94000,-0.02371407,28.89025,19.4312,20.80796,10.11195,4.527095,1.299191,4.5833,3.887751,3.233592,1.161652,0.7335792,-0.02398115,-0.9486949,-0.790701,0.004855096,24,24,24,24,24,24,24,24,24,24,24,24,24,24,24,24
95,95000,-0.02371407,28.51436,19.14528,20.50314,9.937181,4.377159,1.246843,4.434054,3.743944,3.097031,1.041997,0.6113164,-0.1342946,-1.053576,-0.8828682,-2.920628E-06,24,24,24,24,24,24,24,24,24,24,24,24,24,24,24,24
96,96000,-0.02371407,28.23122,18.92236,20.26715,9.777386,4.24657,1.208771,4.304065,3.619972,2.965346,0.932313,0.4946103,-0.2302194,-1.144155,-0.9750352,0.004855096,24,24,24,24,24,24,24,24,24,24,24,24,24,24,24,24
97,97000,-0.02371407,27.84068,18.61706,19.95249,9.582637,4.077287,1.156423,4.125932,3.471206,2.833661,0.8076723,0.3779033,-0.3501254,-1.253803,-1.086606,-2.920628E-06,24,24,24,24,24,24,24,24,24,24,24,24,24,24,24,24
98,98000,-0.02845681,27.61124,18.43291,19.76567,9.427836,3.956371,1.118351,3.995944,3.337317,2.697099,0.6979884,0.2834269,-0.4508464,-1.344382,-1.178773,0.004855096,24,24,24,24,24,24,24,24,24,24,24,24,24,24,24,24
99,99000,-0.02371407,27.29881,18.18576,19.49526,9.273037,3.820945,1.075521,3.865955,3.218305,2.565415,0.5932901,0.1667217,-0.5467711,-1.430193,-1.256387,0.004855096,24,24,24,24,24,24,24,24,24,24,24,24,24,24,24,24
100,100000,-0.01897126,26.91315,17.88531,19.20027,9.078288,3.651662,1.032691,3.697451,3.059621,2.438607,0.4636637,0.05557206,-0.6666771,-1.549376,-1.372809,0.004855096,24,24,24,24,24,24,24,24,24,24,24,24,24,24,24,24
101,101000,-0.02371407,26.65441,17.68177,18.97903,8.918494,3.521073,0.994619,3.572277,2.93565,2.3118,0.3639511,-0.05555481,-0.7626018,-1.639955,-1.460125,-2.920628E-06,24,24,24,24,24,24,24,24,24,24,24,24,24,24,24,24
102,102000,-0.01897126,26.32734,17.42493,18.71354,8.743718,3.38081,0.9517885,3.432659,2.80176,2.180115,0.2542672,-0.161109,-0.8729153,-1.740069,-1.552292,0.004855096,24,24,24,24,24,24,24,24,24,24,24,24,24,24,24,24
103,103000,-0.02371407,26.05884,17.21655,18.4923,8.6039,3.259894,0.913717,3.317114,2.687706,2.058184,0.1545546,-0.2722186,-0.9544514,-1.82588,-1.629907,0.004855096,24,24,24,24,24,24,24,24,24,24,24,24,24,24,24,24
104,104000,-0.01897126,25.73664,16.96456,18.23665,8.434118,3.119631,0.8708864,3.177496,2.563735,1.936253,0.04487076,-0.3777728,-1.059969,-1.921226,-1.726925,0.004855096,24,24,24,24,24,24,24,24,24,24,24,24,24,24,24,24
105,105000,-0.02371407,25.4535,16.74649,17.99574,8.279319,2.989042,0.828056,3.052322,2.444722,1.814324,-0.06484327,-0.4777715,-1.151097,-2.002271,-1.814241,0.004855096,24,24,24,24,24,24,24,24,24,24,24,24,24,24,24,24
106,106000,-0.02845681,25.18012,16.52842,17.78925,8.124518,2.858453,0.7899845,2.927147,2.315792,1.692393,-0.1646016,-0.5833256,-1.247022,-2.088082,-1.896706,0.004855096,24,24,24,24,24,24,24,24,24,24,24,24,24,24,24,24
107,107000,-0.01897126,24.81399,16.2425,17.46968,7.949743,2.708516,0.742395,2.777901,2.176944,1.57534,-0.2793236,-0.6833243,-1.352539,-2.192963,-1.988873,0.004855096,24,24,24,24,24,24,24,24,24,24,24,24,24,24,24,24
108,108000,-0.02371407,24.58455,16.05835,17.30252,7.794942,2.5876,0.7138414,2.657541,2.06289,1.458286,-0.3790819,-0.7833229,-1.443668,-2.278775,-2.071339,0.009714127,24,24,24,24,24,24,24,24,24,24,24,24,24,24,24,24
109,109000,-0.02371407,24.25747,15.80151,17.03703,7.640142,2.457011,0.6710109,2.527552,1.938919,1.34611,-0.4838281,-0.8888772,-1.539592,-2.364586,-2.158655,0.004855096,24,24,24,24,24,24,24,24,24,24,24,24,24,24,24,24
110,110000,-0.02371407,24.00362,15.61245,16.8207,7.495329,2.336095,0.6376983,2.416821,1.829824,1.229057,-0.5785985,-0.9888759,-1.625925,-2.445631,-2.236269,0.004855096,24,24,24,24,24,24,24,24,24,24,24,24,24,24,24,24
111,111000,-0.02845681,23.72536,15.3845,16.59455,7.335535,2.205505,0.6043857,2.282018,1.705852,1.112004,-0.6833447,-1.083319,-1.721849,-2.53621,-2.323586,0.004855096,24,24,24,24,24,24,24,24,24,24,24,24,24,24,24,24
112,112000,-0.02371407,23.37876,15.10804,16.30939,7.150773,2.055569,0.5615552,2.137586,1.567004,0.9949509,-0.7980667,-1.177762,-1.832163,-2.64109,-2.430305,0.004855096,24,24,24,24,24,24,24,24,24,24,24,24,24,24,24,24
113,113000,-0.02845681,23.13955,14.92859,16.11765,7.015947,1.934653,0.5234837,2.031669,1.457909,0.8827759,-0.892837,-1.272205,-1.913699,-2.7126,-2.503069,0.004855096,24,24,24,24,24,24,24,24,24,24,24,24,24,24,24,24
114,114000,-0.02845681,22.86129,14.70548,15.89149,6.86614,1.818573,0.49493,1.906495,1.343856,0.7754772,-0.9826195,-1.366649,-2.004827,-2.798412,-2.580683,0.004855096,24,24,24,24,24,24,24,24,24,24,24,24,24,24,24,24
115,115000,-0.02371407,22.57327,14.48238,15.65546,6.711339,1.687984,0.4520996,1.786135,1.229802,0.6584231,-1.087366,-1.466647,-2.095956,-2.874689,-2.663148,-2.920628E-06,24,24,24,24,24,24,24,24,24,24,24,24,24,24,24,24
116,116000,-0.02371407,22.30966,14.28352,15.45367,6.566527,1.567068,0.4187869,1.670589,1.115748,0.5511254,-1.182136,-1.555535,-2.187084,-2.9605,-2.740763,0.004855096,24,24,24,24,24,24,24,24,24,24,24,24,24,24,24,24
117,117000,-0.02371407,22.06557,14.08467,15.24697,6.431701,1.460662,0.3902333,1.559858,1.011612,0.4584574,-1.271919,-1.649978,-2.26862,-3.036777,-2.818377,0.004855096,24,24,24,24,24,24,24,24,24,24,24,24,24,24,24,24
118,118000,-0.01897126,21.8166,13.88582,15.03534,6.291881,1.354255,0.3664386,1.449127,0.902517,0.3462814,-1.356713,-1.738866,-2.350157,-3.113054,-2.891141,0.004855096,24,24,24,24,24,24,24,24,24,24,24,24,24,24,24,24
119,119000,-0.02845681,21.5481,13.67726,14.82864,6.147068,1.228503,0.3283671,1.328767,0.798381,0.2438599,-1.456471,-1.827754,-2.441285,-3.189332,-2.963904,-2.920628E-06,24,24,24,24,24,24,24,24,24,24,24,24,24,24,24,24
120,120000,-0.02371407,21.30402,13.48811,14.63178,6.012241,1.112423,0.3045723,1.222851,0.6942449,0.1414384,-1.536278,-1.916641,-2.527617,-3.265608,-3.031817,-2.920628E-06,24,24,24,24,24,24,24,24,24,24,24,24,24,24,24,24
121,121000,-0.01897126,20.97694,13.23105,14.35617,5.837467,0.9673238,0.2712597,1.088047,0.5553968,0.03413969,-1.651,-2.005529,-2.628338,-3.365722,-3.123984,0.004855096,24,24,24,24,24,24,24,24,24,24,24,24,24,24,24,24
122,122000,-0.01897126,20.76702,13.06615,14.19868,5.707634,0.8657543,0.247465,0.986945,0.4710962,-0.06343296,-1.740783,-2.094417,-2.709874,-3.432464,-3.187046,0.004855096,24,24,24,24,24,24,24,24,24,24,24,24,24,24,24,24
123,123000,-0.02371407,20.5327,12.88185,13.99197,5.587789,0.7641847,0.2236703,0.8858427,0.3719189,-0.1659007,-1.820589,-2.183305,-2.781818,-3.503974,-3.245256,0.004855096,24,24,24,24,24,24,24,24,24,24,24,24,24,24,24,24
124,124000,-0.01897126,20.27885,12.68299,13.79019,5.447969,0.6529419,0.1951166,0.7799259,0.2677829,-0.2683685,-1.905384,-2.266637,-2.86815,-3.575484,-3.308318,0.004855096,24,24,24,24,24,24,24,24,24,24,24,24,24,24,24,24
125,125000,-0.02371407,20.04453,12.49869,13.59333,5.318137,0.556209,0.1713219,0.6691948,0.1686057,-0.3659569,-1.995166,-2.349969,-2.94489,-3.651761,-3.37138,0.004855096,24,24,24,24,24,24,24,24,24,24,24,24,24,24,24,24
126,126000,-0.01897126,19.77603,12.29014,13.36694,5.173324,0.4449661,0.1475272,0.5584636,0.05951077,-0.4635452,-2.089937,-2.433301,-3.031222,-3.732805,-3.434442,0.004855096,24,24,24,24,24,24,24,24,24,24,24,24,24,24,24,24
127,127000,-0.02371407,19.54659,12.11068,13.19468,5.038497,0.3337232,0.1332503,0.4573613,-0.04461077,-0.5611336,-2.169743,-2.516634,-3.112758,-3.799547,-3.492652,0.004855096,24,24,24,24,24,24,24,24,24,24,24,24,24,24,24,24
128,128000,-0.02371407,19.31226,11.91668,13.00274,4.898678,0.227317,0.1094557,0.3466301,-0.1437435,-0.6587219,-2.254538,-2.59441,-3.194295,-3.890126,-3.546012,0.004855096,24,24,24,24,24,24,24,24,24,24,24,24,24,24,24,24
129,129000,-0.02371407,19.02424,11.70327,12.76159,4.758858,0.1112375,0.09041989,0.2358989,-0.2527896,-0.7514309,-2.354296,-2.677742,-3.271034,-3.961636,-3.594522,0.004855096,24,24,24,24,24,24,24,24,24,24,24,24,24,24,24,24
130,130000,-0.01897126,18.78992,11.51412,12.57949,4.614045,-0.004835367,0.07614309,0.1251678,-0.3667922,-0.8538986,-2.444079,-2.761075,-3.362163,-4.04268,-3.63818,0.004855096,24,24,24,24,24,24,24,24,24,24,24,24,24,24,24,24
131,131000,-0.02371407,18.55559,11.32982,12.38755,4.494199,-0.1063778,0.06186628,0.02406543,-0.4609683,-0.9466076,-2.528873,-2.844407,-3.438903,-4.11419,-3.676987,-2.920628E-06,24,24,24,24,24,24,24,24,24,24,24,24,24,24,24,24
132,132000,-0.02371407,18.34079,11.15521,12.21037,4.36936,-0.1982496,0.05234838,-0.07224974,-0.5501879,-1.044196,-2.613668,-2.916628,-3.510846,-4.180933,-3.706092,-2.920628E-06,24,24,24,24,24,24,24,24,24,24,24,24,24,24,24,24
133,133000,-0.01897126,18.06253,10.94181,11.97414,4.229541,-0.3142982,0.03807139,-0.1926427,-0.6592339,-1.132026,-2.70345,-3.005516,-3.597179,-4.257209,-3.725496,0.004855096,24,24,24,24,24,24,24,24,24,24,24,24,24,24,24,24
134,134000,-0.02371407,17.84774,10.77206,11.81173,4.089721,-0.4158407,0.02855361,-0.2937728,-0.7583667,-1.229614,-2.788245,-3.083292,-3.678715,-4.333486,-3.730347,0.004855096,24,24,24,24,24,24,24,24,24,24,24,24,24,24,24,24
135,135000,-0.02371407,17.6183,10.58775,11.61487,3.959889,-0.5173832,0.02379477,-0.3949029,-0.8624561,-1.322323,-2.873039,-3.161069,-3.750658,-4.400229,-3.725496,0.004855096,24,24,24,24,24,24,24,24,24,24,24,24,24,24,24,24
136,136000,-0.02371407,17.44743,10.4568,11.48198,3.860018,-0.609255,0.01427686,-0.4671387,-0.9368056,-1.415032,-2.94287,-3.238846,-3.817806,-4.457437,-3.710943,0.004855096,24,24,24,24,24,24,24,24,24,24,24,24,24,24,24,24
137,137000,-0.01897126,17.16917,10.24825,11.25067,3.725191,-0.7156328,0.009517908,-0.5827158,-1.035938,-1.502861,-3.032653,-3.316623,-3.894545,-4.528946,-3.672136,-2.920628E-06,24,24,24,24,24,24,24,24,24,24,24,24,24,24,24,24
138,138000,-0.01897126,16.98855,10.09789,11.08826,3.615332,-0.8026693,0.009517789,-0.664583,-1.125158,-1.590691,-3.097496,-3.3944,-3.961693,-4.595688,-3.623627,0.004855096,24,24,24,24,24,24,24,24,24,24,24,24,24,24,24,24
139,139000,-0.02371407,16.78352,9.942691,10.92585,3.500481,-0.8897057,0,-0.7560818,-1.209421,-1.6834,-3.172314,-3.461065,-4.024044,-4.657663,-3.555714,0.004855096,24,24,24,24,24,24,24,24,24,24,24,24,24,24,24,24
140,140000,-0.01897126,16.54431,9.753537,10.73883,3.370649,-0.9912482,0,-0.8620275,-1.308553,-1.76635,-3.252121,-3.538842,-4.100784,-4.729173,-3.453845,0.004855096,24,24,24,24,24,24,24,24,24,24,24,24,24,24,24,24
141,141000,-0.01897126,16.33928,9.588634,10.57642,3.250803,-1.087955,0,-0.9535262,-1.397773,-1.8493,-3.336915,-3.611063,-4.18232,-4.795916,-3.327722,0.004855096,24,24,24,24,24,24,24,24,24,24,24,24,24,24,24,24
142,142000,-0.02371407,16.12936,9.428581,10.41401,3.135951,-1.179827,-0.009521365,-1.045025,-1.482036,-1.937129,-3.411734,-3.683285,-4.239875,-4.853123,-3.196748,0.004855096,24,24,24,24,24,24,24,24,24,24,24,24,24,24,24,24
143,143000,-0.01897126,15.94386,9.278229,10.25652,3.031087,-1.257193,-0.01428187,-1.122076,-1.561342,-2.020079,-3.476577,-3.755506,-4.307022,-4.915098,-3.056071,0.004855096,24,24,24,24,24,24,24,24,24,24,24,24,24,24,24,24
144,144000,-0.01897126,15.70463,9.093925,10.05965,2.901254,-1.358735,-0.02380288,-1.232838,-1.660475,-2.103029,-3.561372,-3.827727,-4.383762,-4.986608,-2.837781,0.004855096,24,24,24,24,24,24,24,24,24,24,24,24,24,24,24,24
145,145000,-0.02371407,15.42113,8.87567,9.833262,2.751447,-1.479619,-0.03808427,-1.348415,-1.769521,-2.18598,-3.656142,-3.905504,-4.470094,-5.067652,-2.580683,-2.920628E-06,24,24,24,24,24,24,24,24,24,24,24,24,24,24,24,24
146,146000,-0.01422846,15.30383,8.773819,9.734832,2.661563,-1.542479,-0.03808427,-1.406204,-1.833957,-2.26893,-3.715997,-3.97217,-4.527649,-5.115325,-2.45456,0.004855096,24,24,24,24,24,24,24,24,24,24,24,24,24,24,24,24
147,147000,-0.01897126,15.06432,8.599216,9.537969,2.546711,-1.639186,-0.05236566,-1.497702,-1.923177,-2.356759,-3.790816,-4.038835,-4.59,-5.1773,-2.260524,0.004855096,24,24,24,24,24,24,24,24,24,24,24,24,24,24,24,24
148,148000,-0.01897126,14.83459,8.410062,9.355871,2.411885,-1.735893,-0.06188667,-1.603648,-2.012396,-2.43483,-3.87561,-4.111056,-4.66674,-5.244043,-2.037383,-2.920628E-06,24,24,24,24,24,24,24,24,24,24,24,24,24,24,24,24
149,149000,-0.02371407,14.68307,8.293659,9.222989,2.322001,-1.808424,-0.07140756,-1.675884,-2.086746,-2.51778,-3.935465,-4.177722,-4.724295,-5.296483,-1.920961,-2.920628E-06,24,24,24,24,24,24,24,24,24,24,24,24,24,24,24,24
150,150000,-0.01897126,14.47778,8.128757,9.060579,2.207149,-1.89546,-0.08092856,-1.767383,-2.175965,-2.595851,-4.010284,-4.244388,-4.791442,-5.358459,-1.75603,0.004855096,24,24,24,24,24,24,24,24,24,24,24,24,24,24,24,24
151,151000,-0.01897126,14.29204,7.988104,8.908011,2.107278,-1.972826,-0.09520996,-1.844434,-2.245358,-2.673921,-4.075127,-4.316609,-4.853793,-5.410899,-1.615354,-2.920628E-06,24,24,24,24,24,24,24,24,24,24,24,24,24,24,24,24
152,152000,-0.02371407,14.07209,7.81835,8.725913,1.992426,-2.064698,-0.1142519,-1.926301,-2.329621,-2.756871,-4.144957,-4.37772,-4.916144,-5.463339,-1.469827,0.004855096,24,24,24,24,24,24,24,24,24,24,24,24,24,24,24,24
153,153000,-0.01897126,13.89124,7.672848,8.588109,1.877574,-2.146899,-0.1237729,-2.0178,-2.413884,-2.834942,-4.219777,-4.444386,-4.983292,-5.511012,-1.334002,0.004855096,24,24,24,24,24,24,24,24,24,24,24,24,24,24,24,24
154,154000,-0.01897126,13.69084,7.517644,8.415855,1.767716,-2.233935,-0.1428148,-2.104483,-2.498147,-2.908134,-4.294595,-4.511051,-5.045643,-5.549151,-1.232133,0.004855096,24,24,24,24,24,24,24,24,24,24,24,24,24,24,24,24
155,155000,-0.01897126,13.47577,7.347891,8.233759,1.657858,-2.316136,-0.1618567,-2.191166,-2.58241,-2.986204,-4.359437,-4.577717,-5.11279,-5.549151,-1.106009,0.004855096,24,24,24,24,24,24,24,24,24,24,24,24,24,24,24,24
156,156000,-0.01897126,13.29492,7.207239,8.095955,1.547999,-2.408008,-0.176138,-2.273033,-2.661716,-3.064275,-4.439245,-4.649938,-5.179937,-5.49671,-1.013842,0.004855096,24,24,24,24,24,24,24,24,24,24,24,24,24,24,24,24
157,157000,-0.01897126,13.11896,7.066586,7.95815,1.443135,-2.485373,-0.1951799,-2.3549,-2.745979,-3.132587,-4.504087,-4.711049,-5.242289,-5.367993,-0.9265262,0.004855096,24,24,24,24,24,24,24,24,24,24,24,24,24,24,24,24
158,158000,-0.01897126,12.93811,6.925933,7.815426,1.33827,-2.562739,-0.2094615,-2.436767,-2.815372,-3.210657,-4.56893,-4.772159,-5.304639,-5.134395,-0.8489118,0.004855096,24,24,24,24,24,24,24,24,24,24,24,24,24,24,24,24
159,159000,-0.01897126,12.73771,6.76588,7.643172,1.233405,-2.64494,-0.2285033,-2.518635,-2.894678,-3.288728,-4.638761,-4.833269,-5.362195,-4.695802,-0.7615956,0.004855096,24,24,24,24,24,24,24,24,24,24,24,24,24,24,24,24
160,160000,-0.01422846,12.55686,6.620378,7.490604,1.12854,-2.722306,-0.2475452,-2.600502,-2.973984,-3.361919,-4.703604,-4.89438,-5.429342,-4.109423,-0.7082357,0.004855096,24,24,24,24,24,24,24,24,24,24,24,24,24,24,24,24
161,161000,-0.01897126,12.37112,6.484575,7.352799,1.023676,-2.794836,-0.2665871,-2.682369,-3.048334,-3.435111,-4.768446,-4.961045,-5.486897,-3.456301,-0.6597267,0.004855096,24,24,24,24,24,24,24,24,24,24,24,24,24,24,24,24
162,162000,-0.01897126,12.18538,6.339072,7.195311,0.9138173,-2.881873,-0.285629,-2.764236,-3.132596,-3.508302,-4.83329,-5.022156,-5.549248,-2.807946,-0.6112177,0.009713292,24,24,24,24,24,24,24,24,24,24,24,24,24,24,24,24
163,163000,-0.01897126,12.0192,6.203269,7.062429,0.8239331,-2.954403,-0.2999104,-2.836472,-3.201989,-3.576614,-4.903121,-5.088821,-5.606802,-2.331215,-0.5724105,0.004855096,24,24,24,24,24,24,24,24,24,24,24,24,24,24,24,24
164,164000,-0.01897126,11.84812,6.067467,6.919704,0.724062,-3.031769,-0.3189523,-2.908708,-3.276339,-3.654685,-4.962975,-5.138821,-5.654765,-1.978434,-0.548156,-2.920628E-06,24,24,24,24,24,24,24,24,24,24,24,24,24,24,24,24
165,165000,-0.01422846,11.63306,5.902564,6.74745,0.6142037,-3.109134,-0.3475152,-3.000206,-3.355645,-3.718117,-5.032806,-5.205486,-5.721912,-1.659024,-0.5190506,0.004855096,24,24,24,24,24,24,24,24,24,24,24,24,24,24,24,24
166,166000,-0.01897126,11.48153,5.786161,6.62441,0.5143324,-3.191336,-0.3665571,-3.067626,-3.429995,-3.791308,-5.097649,-5.261041,-5.774671,-1.463565,-0.5044979,0.004855096,24,24,24,24,24,24,24,24,24,24,24,24,24,24,24,24
167,167000,-0.01422846,11.28602,5.640658,6.46692,0.4144613,-3.263866,-0.3903595,-3.149494,-3.504344,-3.864499,-5.157505,-5.322152,-5.827429,-1.287174,-0.4850943,0.004855096,24,24,24,24,24,24,24,24,24,24,24,24,24,24,24,24
168,168000,-0.01897126,11.11983,5.500006,6.324196,0.3195836,-3.331561,-0.4094014,-3.22173,-3.573737,-3.932811,-5.217359,-5.383262,-5.875392,-1.158457,-0.4705416,0.004855096,24,24,24,24,24,24,24,24,24,24,24,24,24,24,24,24
169,169000,-0.01422846,10.95853,5.369053,6.196236,0.2296996,-3.408927,-0.4284433,-3.303597,-3.653043,-4.006002,-5.282202,-5.438817,-5.923354,-1.086947,-0.4608398,0.004855096,24,24,24,24,24,24,24,24,24,24,24,24,24,24,24,24
170,170000,-0.01897126,10.79724,5.247801,6.063354,0.1398155,-3.476622,-0.4474852,-3.371017,-3.71748,-4.069435,-5.337069,-5.499927,-5.96652,-1.029739,-0.451138,0.004855096,24,24,24,24,24,24,24,24,24,24,24,24,24,24,24,24
171,171000,-0.01422846,10.6115,5.102298,5.915707,0.03994426,-3.553987,-0.4712876,-3.448068,-3.791829,-4.137747,-5.401912,-5.549926,-5.990501,-1.01067,-0.4123308,0.004855096,24,24,24,24,24,24,24,24,24,24,24,24,24,24,24,24
172,172000,-0.01897126,10.4111,4.947095,5.748374,-0.0748637,-3.636188,-0.49509,-3.529935,-3.871135,-4.206059,-5.476731,-5.611037,-5.990501,-0.9772988,-0.3880763,0.004855096,24,24,24,24,24,24,24,24,24,24,24,24,24,24,24,24
173,173000,-0.01897126,10.24491,4.820993,5.605649,-0.1647002,-3.699048,-0.5236529,-3.602171,-3.940528,-4.27437,-5.52661,-5.672147,-5.961724,-0.9868334,-0.3395673,-2.920628E-06,24,24,24,24,24,24,24,24,24,24,24,24,24,24,24,24
174,174000,-0.01422846,10.09827,4.69974,5.492454,-0.2645184,-3.776414,-0.5426948,-3.674407,-4.014878,-4.342682,-5.591453,-5.722147,-5.908966,-0.9868334,-0.3153128,-2.920628E-06,24,24,24,24,24,24,24,24,24,24,24,24,24,24,24,24
175,175000,-0.01897126,9.946751,4.578488,5.374337,-0.344373,-3.839273,-0.5617367,-3.741827,-4.074358,-4.406115,-5.64632,-5.783257,-5.817837,-1.01067,-0.2765056,0.004855096,24,24,24,24,24,24,24,24,24,24,24,24,24,24,24,24
176,176000,-0.01422846,9.756124,4.432985,5.211926,-0.4441913,-3.916639,-0.5855391,-3.818879,-4.148707,-4.474427,-5.701187,-5.838811,-5.63558,-1.034506,-0.2619529,0.004855096,24,24,24,24,24,24,24,24,24,24,24,24,24,24,24,24
177,177000,-0.01897126,9.589938,4.306883,5.083965,-0.5340278,-3.984334,-0.6093414,-3.886299,-4.213143,-4.532979,-5.761042,-5.894366,-5.338213,-1.044041,-0.2474002,0.004855096,24,24,24,24,24,24,24,24,24,24,24,24,24,24,24,24
178,178000,-0.01422846,9.453078,4.200181,4.970769,-0.6238642,-4.047194,-0.6331438,-3.948903,-4.27758,-4.601291,-5.815909,-5.933255,-4.99768,-1.034506,-0.2619529,0.004855096,24,24,24,24,24,24,24,24,24,24,24,24,24,24,24,24
179,179000,-0.01897126,9.29178,4.069228,4.837887,-0.7137007,-4.119724,-0.6521857,-4.021139,-4.342016,-4.664724,-5.875763,-5.966588,-4.47489,-1.044041,-0.2668038,0.004855096,24,24,24,24,24,24,24,24,24,24,24,24,24,24,24,24
180,180000,-0.01422846,9.125593,3.938276,4.700084,-0.8085279,-4.187419,-0.6759881,-4.088559,-4.411409,-4.728156,-5.925643,-5.966588,-3.904138,-1.048808,-0.2862074,-2.920628E-06,24,24,24,24,24,24,24,24,24,24,24,24,24,24,24,24
181,181000,-0.01897126,8.97407,3.821874,4.581967,-0.8933735,-4.250278,-0.6997905,-4.160795,-4.470889,-4.791589,-5.975523,-5.927699,-3.39094,-1.034506,-0.3007601,0.004855096,24,24,24,24,24,24,24,24,24,24,24,24,24,24,24,24
182,182000,-0.01422846,8.822547,3.705472,4.46385,-0.978219,-4.313138,-0.7188324,-4.223399,-4.540282,-4.855021,-6.025402,-5.844367,-2.968871,-1.020205,-0.3201637,-2.920628E-06,24,24,24,24,24,24,24,24,24,24,24,24,24,24,24,24
183,183000,-0.01422846,8.627033,3.550268,4.296516,-1.078037,-4.390504,-0.7473953,-4.30045,-4.609674,-4.913574,-6.085256,-5.699924,-2.57558,-1.001135,-0.3395673,-2.920628E-06,24,24,24,24,24,24,24,24,24,24,24,24,24,24,24,24
184,184000,-0.01422846,8.499949,3.448416,4.203007,-1.162883,-4.453363,-0.7664372,-4.36787,-4.679068,-4.977006,-6.145112,-5.516593,-2.30699,-0.9916007,-0.3492691,0.004855096,24,24,24,24,24,24,24,24,24,24,24,24,24,24,24,24
185,185000,-0.01422846,8.353313,3.332014,4.075047,-1.247728,-4.516223,-0.7854791,-4.430475,-4.738547,-5.03556,-6.185014,-5.29993,-2.110345,-0.9772988,-0.3638218,0.004855096,24,24,24,24,24,24,24,24,24,24,24,24,24,24,24,24
186,186000,-0.01422846,8.177351,3.196212,3.932322,-1.337565,-4.583918,-0.814042,-4.507526,-4.80794,-5.098992,-6.239882,-5.072155,-1.894514,-0.9582295,-0.3832254,0.004855096,24,24,24,24,24,24,24,24,24,24,24,24,24,24,24,24
187,187000,-0.01422846,8.055156,3.10406,3.843734,-1.417419,-4.641943,-0.8283234,-4.565315,-4.862463,-5.157545,-6.274797,-4.827713,-1.788997,-0.9439276,-0.3832254,-2.920628E-06,24,24,24,24,24,24,24,24,24,24,24,24,24,24,24,24
188,188000,-0.009485662,7.849866,2.939157,3.661636,-1.52722,-4.719308,-0.8616467,-4.642366,-4.936812,-5.220977,-6.319688,-4.577717,-1.611536,-0.9153237,-0.3686727,0.004855096,24,24,24,24,24,24,24,24,24,24,24,24,24,24,24,24
189,189000,-0.01422846,7.752109,2.856705,3.57797,-1.592101,-4.777332,-0.8711677,-4.700155,-4.991336,-5.279531,-6.354603,-4.338831,-1.558777,-0.9057891,-0.3589709,0.004855096,24,24,24,24,24,24,24,24,24,24,24,24,24,24,24,24
190,190000,-0.01422846,7.59081,2.735453,3.45001,-1.681938,-4.840192,-0.9044909,-4.757944,-5.055772,-5.338084,-6.384531,-4.111056,-1.477241,-0.8962545,-0.3395673,0.004855096,24,24,24,24,24,24,24,24,24,24,24,24,24,24,24,24
191,191000,-0.01422846,7.4344,2.614201,3.326971,-1.761793,-4.903052,-0.9187723,-4.830179,-5.115252,-5.391757,-6.409471,-3.894393,-1.429279,-0.8867199,-0.305611,0.004855096,24,24,24,24,24,24,24,24,24,24,24,24,24,24,24,24
192,192000,-0.009485662,7.292652,2.507499,3.203932,-1.846638,-4.956241,-0.9425747,-4.883152,-5.169775,-5.45519,-6.419446,-3.683285,-1.405298,-0.8771853,-0.2813565,0.009713292,24,24,24,24,24,24,24,24,24,24,24,24,24,24,24,24
193,193000,-0.01422846,7.16068,2.405647,3.105501,-1.931484,-5.0191,-0.9568563,-4.950572,-5.234211,-5.513742,-6.419446,-3.477732,-1.390909,-0.8724179,-0.2716547,0.004855096,24,24,24,24,24,24,24,24,24,24,24,24,24,24,24,24
194,194000,-0.009485662,6.984718,2.264994,2.962776,-2.02132,-5.086795,-0.99494,-5.027624,-5.293691,-5.572296,-6.394507,-3.288845,-1.390909,-0.8533487,-0.2522511,0.004855096,24,24,24,24,24,24,24,24,24,24,24,24,24,24,24,24
195,195000,-0.01422846,6.86741,2.167992,2.864345,-2.096184,-5.139984,-1.013982,-5.080597,-5.358127,-5.61621,-6.33964,-3.11107,-1.400501,-0.8485814,-0.2522511,0.004855096,24,24,24,24,24,24,24,24,24,24,24,24,24,24,24,24
196,196000,-0.01422846,6.740326,2.07099,2.765914,-2.166057,-5.198009,-1.028263,-5.13357,-5.402737,-5.665005,-6.254845,-2.944406,-1.419686,-0.8485814,-0.257102,0.004855096,24,24,24,24,24,24,24,24,24,24,24,24,24,24,24,24
197,197000,-0.01422846,6.564363,1.930337,2.618268,-2.260884,-5.265704,-1.056826,-5.210621,-5.477086,-5.70404,-6.00545,-2.794408,-1.448464,-0.8438141,-0.257102,0.004855096,24,24,24,24,24,24,24,24,24,24,24,24,24,24,24,24
198,198000,-0.01422846,6.466607,1.857586,2.549366,-2.320775,-5.314057,-1.066347,-5.253963,-5.516739,-5.728437,-5.771018,-2.661076,-1.467649,-0.8485814,-0.2522511,0.004855096,24,24,24,24,24,24,24,24,24,24,24,24,24,24,24,24
199,199000,-0.009485662,6.285757,1.716933,2.396798,-2.410611,-5.376917,-1.09967,-5.321383,-5.576219,-5.743075,-5.302154,-2.5333,-1.501222,-0.8390468,-0.2522511,0.004855096,24,24,24,24,24,24,24,24,24,24,24,24,24,24,24,24
200,200000,-0.01422846,6.173336,1.629632,2.298367,-2.490466,-5.439776,-1.123473,-5.379171,-5.630742,-5.743075,-4.83329,-2.416635,-1.515611,-0.8390468,-0.2474002,0.004855096,24,24,24,24,24,24,24,24,24,24,24,24,24,24,24,24
201,201000,-0.01422846,6.002262,1.498679,2.170406,-2.575312,-5.497801,-1.152036,-5.446591,-5.690222,-5.718678,-4.32951,-2.322191,-1.549185,-0.8390468,-0.2425493,0.004855096,24,24,24,24,24,24,24,24,24,24,24,24,24,24,24,24
202,202000,-0.009485662,5.865402,1.391977,2.052289,-2.650175,-5.555825,-1.171078,-5.50438,-5.744745,-5.689402,-3.950429,-2.227748,-1.563574,-0.8342795,-0.2522511,-2.920628E-06,24,24,24,24,24,24,24,24,24,24,24,24,24,24,24,24
203,203000,-0.01422846,5.772533,1.314376,1.978466,-2.725039,-5.613849,-1.19012,-5.557353,-5.799268,-5.655246,-3.7559,-2.155527,-1.597147,-0.8485814,-0.2619529,0.004855096,24,24,24,24,24,24,24,24,24,24,24,24,24,24,24,24
204,204000,-0.009485662,5.640561,1.212524,1.870191,-2.789921,-5.657367,-1.204401,-5.60551,-5.833964,-5.606452,-3.506505,-2.088861,-1.597147,-0.8295121,-0.257102,-2.920628E-06,24,24,24,24,24,24,24,24,24,24,24,24,24,24,24,24
205,205000,-0.01422846,5.498814,1.100971,1.761917,-2.869776,-5.715392,-1.228203,-5.668114,-5.888487,-5.61621,-3.521468,-2.07775,-1.669091,-0.8438141,-0.2813565,0.004855096,24,24,24,24,24,24,24,24,24,24,24,24,24,24,24,24
206,206000,-0.01422846,5.361954,0.9942693,1.643799,-2.944639,-5.778251,-1.256766,-5.725903,-5.94301,-5.660125,-3.681082,-2.099972,-1.750627,-0.7913737,-0.3298655,-2.920628E-06,24,24,24,24,24,24,24,24,24,24,24,24,24,24,24,24
207,207000,-0.009485662,5.215319,0.877867,1.520761,-3.029485,-5.83144,-1.280569,-5.793323,-5.992577,-5.743075,-3.561372,-2.149971,-1.769812,-0.7437004,-0.3444182,0.004855096,24,24,24,24,24,24,24,24,24,24,24,24,24,24,24,24
208,208000,-0.01422846,5.088235,0.7760151,1.417409,-3.104348,-5.889464,-1.29961,-5.846296,-6.032229,-5.840663,-3.386795,-2.205526,-1.760219,-0.7103294,-0.3347164,-2.920628E-06,24,24,24,24,24,24,24,24,24,24,24,24,24,24,24,24
209,209000,-0.009485662,4.970927,0.6887134,1.323899,-3.16923,-5.937818,-1.323413,-5.894453,-6.052056,-5.928493,-3.252121,-2.24997,-1.745831,-0.6817254,-0.3347164,0.004855096,24,24,24,24,24,24,24,24,24,24,24,24,24,24,24,24
210,210000,-0.009485662,4.858506,0.5917116,1.225468,-3.244094,-5.991007,-1.342455,-5.952242,-6.061969,-6.011443,-3.097496,-2.272192,-1.736238,-0.6674235,-0.3347164,0.009713292,24,24,24,24,24,24,24,24,24,24,24,24,24,24,24,24
211,211000,-0.009485662,4.731422,0.4947097,1.122115,-3.308976,-6.039361,-1.366257,-6.000399,-6.032229,-6.094393,-3.002725,-2.288859,-1.717053,-0.6435869,-0.3395673,0.004855096,24,24,24,24,24,24,24,24,24,24,24,24,24,24,24,24
212,212000,-0.01422846,4.594563,0.3928578,1.018763,-3.38384,-6.097385,-1.380539,-6.058187,-5.923183,-6.167584,-2.907955,-2.283303,-1.688276,-0.629285,-0.3347164,0.004855096,24,24,24,24,24,24,24,24,24,24,24,24,24,24,24,24
213,213000,-0.01422846,4.467479,0.2910058,0.9203319,-3.458703,-6.150574,-1.404341,-6.115976,-5.754658,-6.231017,-2.838124,-2.272192,-1.659498,-0.6054484,-0.35412,0.004855096,24,24,24,24,24,24,24,24,24,24,24,24,24,24,24,24
214,214000,-0.01422846,4.345283,0.198854,0.8169793,-3.528576,-6.203763,-1.413862,-6.164133,-5.521696,-6.274932,-2.788245,-2.261081,-1.635517,-0.5816119,-0.3589709,0.004855096,24,24,24,24,24,24,24,24,24,24,24,24,24,24,24,24
215,215000,-0.009485662,4.242638,0.1212525,0.7333129,-3.588467,-6.247281,-1.442425,-6.217106,-5.298647,-6.28469,-2.753329,-2.238859,-1.625925,-0.5482407,-0.3638218,0.004855096,24,24,24,24,24,24,24,24,24,24,24,24,24,24,24,24
216,216000,-0.009485662,4.096003,0.009700399,0.6151956,-3.673313,-6.305305,-1.466227,-6.274895,-4.956639,-6.240776,-2.70345,-2.211082,-1.611536,-0.5005676,-0.3638218,0.004855096,24,24,24,24,24,24,24,24,24,24,24,24,24,24,24,24
217,217000,-0.009485662,3.973806,-0.08729231,0.5118431,-3.738194,-6.358494,-1.480509,-6.323052,-4.728634,-6.167584,-2.688486,-2.177749,-1.611536,-0.4576618,-0.3589709,0.004855096,24,24,24,24,24,24,24,24,24,24,24,24,24,24,24,24
218,218000,-0.009485662,3.871162,-0.164884,0.4281766,-3.808067,-6.406848,-1.49003,-6.371209,-4.515498,-6.045599,-2.678511,-2.144416,-1.592351,-0.4385926,-0.3686727,0.004855096,24,24,24,24,24,24,24,24,24,24,24,24,24,24,24,24
219,219000,-0.009485662,3.748966,-0.2570242,0.3297456,-3.867959,-6.455201,-1.509071,-6.424182,-4.26271,-5.889458,-2.678511,-2.099972,-1.60674,-0.3909194,-0.3638218,0.004855096,24,24,24,24,24,24,24,24,24,24,24,24,24,24,24,24
220,220000,-0.009485662,3.621882,-0.3588633,0.2411577,-3.942822,-6.50839,-1.528113,-6.477155,-4.029748,-5.723557,-2.678511,-2.049973,-1.597147,-0.3480136,-0.3638218,-2.920628E-06,24,24,24,24,24,24,24,24,24,24,24,24,24,24,24,24
221,221000,-0.009485662,3.485022,-0.4655519,0.1230404,-4.017686,-6.561579,-1.537634,-6.534944,-3.816612,-5.53814,-2.683499,-1.988863,-1.587555,-0.3098751,-0.35412,0.004855096,24,24,24,24,24,24,24,24,24,24,24,24,24,24,24,24
222,222000,-0.009485662,3.387265,-0.5431437,0.04429558,-4.082568,-6.609933,-1.542395,-6.583101,-3.62826,-5.342963,-2.693474,-1.927752,-1.577962,-0.2812713,-0.35412,0.004855096,24,24,24,24,24,24,24,24,24,24,24,24,24,24,24,24
223,223000,-0.009485662,3.260181,-0.6401334,-0.05905592,-4.147449,-6.663122,-1.532874,-6.626442,-3.459734,-5.142907,-2.678511,-1.861087,-1.56837,-0.2479001,-0.3444182,-2.920628E-06,24,24,24,24,24,24,24,24,24,24,24,24,24,24,24,24
224,224000,-0.004742861,3.12821,-0.746822,-0.1722474,-4.222313,-6.716311,-1.523353,-6.684231,-3.365558,-4.942851,-2.678511,-1.788865,-1.549185,-0.2288308,-0.3298655,0.004855096,24,24,24,24,24,24,24,24,24,24,24,24,24,24,24,24
225,225000,-0.009485662,3.040228,-0.8147147,-0.2362252,-4.282204,-6.759829,-1.523353,-6.717941,-3.340775,-4.752553,-2.673523,-1.727755,-1.515611,-0.2145289,-0.3250146,-2.920628E-06,24,24,24,24,24,24,24,24,24,24,24,24,24,24,24,24
226,226000,-0.009485662,2.927808,-0.8971559,-0.3297312,-4.342095,-6.798512,-1.513832,-6.756466,-3.306079,-4.567135,-2.663547,-1.661089,-1.482038,-0.2097616,-0.3153128,0.009713292,24,24,24,24,24,24,24,24,24,24,24,24,24,24,24,24
227,227000,-0.009485662,2.830051,-0.9795972,-0.4084732,-4.401986,-6.84203,-1.499551,-6.790177,-3.281296,-4.376838,-2.653571,-1.594423,-1.438871,-0.200227,-0.305611,0.004855096,24,24,24,24,24,24,24,24,24,24,24,24,24,24,24,24
228,228000,-0.009485662,2.722518,-1.066888,-0.4970578,-4.466868,-6.890383,-1.485269,-6.804624,-3.271382,-4.201179,-2.623644,-1.538869,-1.400501,-0.1906924,-0.2959092,0.004855096,24,24,24,24,24,24,24,24,24,24,24,24,24,24,24,24
229,229000,-0.009485662,2.590547,-1.163877,-0.6102493,-4.53175,-6.938737,-1.470988,-6.77573,-3.241642,-4.035279,-2.58374,-1.483314,-1.352539,-0.1763904,-0.2813565,0.004855096,24,24,24,24,24,24,24,24,24,24,24,24,24,24,24,24
230,230000,-0.009485662,2.483014,-1.251168,-0.6889912,-4.606614,-6.991926,-1.461467,-6.70831,-3.241642,-3.869379,-2.553813,-1.422203,-1.309373,-0.1763904,-0.2765056,-2.920628E-06,24,24,24,24,24,24,24,24,24,24,24,24,24,24,24,24
231,231000,-0.009485662,2.365706,-1.338459,-0.7824972,-4.661514,-7.040279,-1.428143,-6.467524,-3.226773,-3.713237,-2.503934,-1.366649,-1.26141,-0.1716231,-0.257102,0.004855096,24,24,24,24,24,24,24,24,24,24,24,24,24,24,24,24
232,232000,-0.009485662,2.258173,-1.4209,-0.8710819,-4.726396,-7.083798,-1.413862,-6.000399,-3.216859,-3.561975,-2.454054,-1.322205,-1.203856,-0.1763904,-0.2522511,0.004855096,24,24,24,24,24,24,24,24,24,24,24,24,24,24,24,24
233,233000,-0.009485662,2.165304,-1.498492,-0.9547452,-4.781296,-7.127316,-1.390059,-5.244331,-3.206946,-3.425352,-2.399187,-1.283316,-1.16069,-0.200227,-0.2425493,0.004855096,24,24,24,24,24,24,24,24,24,24,24,24,24,24,24,24
234,234000,-0.009485662,2.057772,-1.576084,-1.033487,-4.846178,-7.170834,-1.366257,-4.517158,-3.177206,-3.303366,-2.329357,-1.255539,-1.12232,-0.2049943,-0.2182948,-2.920628E-06,24,24,24,24,24,24,24,24,24,24,24,24,24,24,24,24
235,235000,-0.009485662,1.935576,-1.673073,-1.141757,-4.906068,-7.199846,-1.337694,-3.944087,-3.15738,-3.19114,-2.234586,-1.227762,-1.074357,-0.2574347,-0.1988912,0.004855096,24,24,24,24,24,24,24,24,24,24,24,24,24,24,24,24
236,236000,-0.009485662,1.85737,-1.736116,-1.195892,-4.955977,-7.228858,-1.318652,-3.7948,-3.137553,-3.093551,-2.179719,-1.216651,-1.035987,-0.2574347,-0.1940403,0.004855096,24,24,24,24,24,24,24,24,24,24,24,24,24,24,24,24
237,237000,-0.009485662,1.764501,-1.808859,-1.274634,-5.015869,-7.2482,-1.304371,-3.650328,-3.11277,-3.000842,-2.119864,-1.199984,-1.002414,-0.262202,-0.1843385,0.004855096,24,24,24,24,24,24,24,24,24,24,24,24,24,24,24,24
238,238000,-0.009485662,1.652081,-1.896149,-1.358297,-5.070768,-7.267541,-1.280569,-3.539567,-3.078073,-2.908134,-2.030082,-1.188873,-0.9640438,-0.262202,-0.1600839,-2.920628E-06,24,24,24,24,24,24,24,24,24,24,24,24,24,24,24,24
239,239000,-0.009485662,1.534773,-1.98344,-1.456725,-5.135651,-7.272377,-1.266287,-3.433621,-3.03842,-2.820304,-1.945287,-1.172207,-0.9256739,-0.262202,-0.1600839,-2.920628E-06,24,24,24,24,24,24,24,24,24,24,24,24,24,24,24,24
240,240000,-0.009485662,1.441904,-2.051333,-1.525624,-5.19055,-7.267541,-1.247245,-3.361385,-2.988854,-2.737354,-1.880444,-1.161096,-0.906489,-0.262202,-0.1552331,-2.920628E-06,24,24,24,24,24,24,24,24,24,24,24,24,24,24,24,24
241,241000,-0.009485662,1.344147,-2.128925,-1.609287,-5.250442,-7.2482,-1.242485,-3.303597,-2.944244,-2.649524,-1.800638,-1.144429,-0.8633228,-0.262202,-0.1358294,0.004855096,24,24,24,24,24,24,24,24,24,24,24,24,24,24,24,24
242,242000,-0.009485662,1.236614,-2.211366,-1.692951,-5.305342,-7.199846,-1.228203,-3.236177,-2.884764,-2.566574,-1.720831,-1.127763,-0.8393417,-0.2574347,-0.1261277,0.004855096,24,24,24,24,24,24,24,24,24,24,24,24,24,24,24,24
243,243000,-0.009485662,1.138857,-2.284108,-1.766771,-5.360241,-7.151493,-1.218682,-3.183204,-2.830241,-2.483624,-1.670952,-1.099985,-0.805768,-0.2479001,-0.1115749,0.009713292,24,24,24,24,24,24,24,24,24,24,24,24,24,24,24,24
244,244000,-0.009485662,1.031325,-2.366549,-1.860277,-5.420133,-7.064456,-1.209162,-3.125415,-2.750935,-2.405553,-1.601121,-1.077764,-0.7721943,-0.2383655,-0.1115749,0.004855096,24,24,24,24,24,24,24,24,24,24,24,24,24,24,24,24
245,245000,-0.004742861,0.9335681,-2.439291,-1.943941,-5.475033,-6.972585,-1.199641,-3.062811,-2.666672,-2.327483,-1.541266,-1.061097,-0.7530094,-0.2288308,-0.1018732,-2.920628E-06,24,24,24,24,24,24,24,24,24,24,24,24,24,24,24,24
246,246000,-0.009485662,0.8309234,-2.516883,-2.017761,-5.529932,-6.851701,-1.19488,-2.990575,-2.577453,-2.249412,-1.486399,-1.038875,-0.7146395,-0.2240635,-0.09217137,0.004855096,24,24,24,24,24,24,24,24,24,24,24,24,24,24,24,24
247,247000,-0.004742861,0.7527179,-2.579926,-2.091581,-5.579842,-6.70664,-1.175838,-2.903892,-2.503103,-2.176221,-1.446496,-1.011098,-0.685862,-0.2145289,-0.08732045,0.004855096,24,24,24,24,24,24,24,24,24,24,24,24,24,24,24,24
248,248000,-0.009485662,0.6647367,-2.64297,-2.15556,-5.62476,-6.406848,-1.171078,-2.807578,-2.399014,-2.103029,-1.401604,-0.9888759,-0.6522884,-0.2049943,-0.07276779,0.004855096,24,24,24,24,24,24,24,24,24,24,24,24,24,24,24,24
249,249000,-0.004742861,0.5572041,-2.73026,-2.244144,-5.684651,-5.865288,-1.152036,-2.692,-2.280055,-2.029838,-1.336761,-0.9610984,-0.604326,-0.1954597,-0.06791687,0.004855096,24,24,24,24,24,24,24,24,24,24,24,24,24,24,24,24
250,250000,-0.01422846,0.4741108,-2.788454,-2.308122,-5.729569,-5.459118,-1.142515,-2.605318,-2.200748,-1.971285,-1.301846,-0.9277655,-0.5755486,-0.185925,-0.05821508,-2.920628E-06,24,24,24,24,24,24,24,24,24,24,24,24,24,24,24,24
251,251000,-0.009485662,0.3861296,-2.856347,-2.377021,-5.774487,-4.990088,-1.123473,-2.504188,-2.111529,-1.902974,-1.246979,-0.9055436,-0.5467711,-0.1811577,-0.05821508,0.004855096,24,24,24,24,24,24,24,24,24,24,24,24,24,24,24,24
252,252000,-0.009485662,0.2883728,-2.929089,-2.460684,-5.829388,-4.588754,-1.09967,-2.383795,-2.00744,-1.839541,-1.182136,-0.8777661,-0.4988087,-0.1716231,-0.04851329,-2.920628E-06,24,24,24,24,24,24,24,24,24,24,24,24,24,24,24,24
253,253000,-0.009485662,0.2101673,-2.992132,-2.524662,-5.874306,-4.322809,-1.075868,-2.297112,-1.928133,-1.780988,-1.127269,-0.8444333,-0.4748276,-0.1620885,-0.04851329,0.004855096,24,24,24,24,24,24,24,24,24,24,24,24,24,24,24,24
254,254000,-0.009485662,0.1026348,-3.064875,-2.608325,-5.919224,-4.037523,-1.037784,-2.162271,-1.819087,-1.712676,-1.05245,-0.8055449,-0.4316614,-0.1525539,-0.03881145,0.004855096,24,24,24,24,24,24,24,24,24,24,24,24,24,24,24,24
255,255000,-0.009485662,0.03909281,-3.103671,-2.647696,-5.94917,-3.892462,-1.013982,-2.094851,-1.764564,-1.644364,-1.007559,-0.772212,-0.4076802,-0.1477866,-0.03881145,0.004855096,24,24,24,24,24,24,24,24,24,24,24,24,24,24,24,24
256,256000,-0.009485662,-0.05375838,-3.161864,-2.721517,-5.969133,-3.703883,-0.975898,-1.969643,-1.670388,-1.576053,-0.9427162,-0.7444346,-0.383699,-0.1334846,-0.03396058,0.004855096,24,24,24,24,24,24,24,24,24,24,24,24,24,24,24,24
257,257000,-0.009485662,-0.1368306,-3.20066,-2.77073,-5.964142,-3.524975,-0.9378142,-1.88296,-1.581169,-1.502861,-0.8878492,-0.7166572,-0.3597178,-0.1287173,-0.03396058,0.004855096,24,24,24,24,24,24,24,24,24,24,24,24,24,24,24,24
258,258000,-0.009485662,-0.2101296,-3.215209,-2.800259,-5.939188,-3.307384,-0.8759282,-1.767383,-1.482036,-1.439429,-0.8279942,-0.6777688,-0.3453291,-0.1191826,-0.02910966,0.004855096,24,24,24,24,24,24,24,24,24,24,24,24,24,24,24,24
259,259000,-0.009485662,-0.2687688,-3.20066,-2.815023,-5.869315,-3.138147,-0.8330839,-1.690331,-1.407686,-1.371117,-0.7880908,-0.6388804,-0.3309404,-0.1144153,-0.02910966,-2.920628E-06,24,24,24,24,24,24,24,24,24,24,24,24,24,24,24,24
260,260000,-0.009485662,-0.327408,-3.171563,-2.800259,-5.759515,-2.97858,-0.7854791,-1.603648,-1.32838,-1.302805,-0.7382118,-0.6166584,-0.3069592,-0.1001134,-0.01940787,-2.920628E-06,24,24,24,24,24,24,24,24,24,24,24,24,24,24,24,24
261,261000,-0.004742861,-0.3713874,-3.118219,-2.77073,-5.629751,-2.838355,-0.7521558,-1.536228,-1.258987,-1.239373,-0.6933205,-0.5833256,-0.2877743,-0.1048808,-0.01940787,0.004855096,24,24,24,24,24,24,24,24,24,24,24,24,24,24,24,24
262,262000,-0.004742861,-0.4153668,-3.050326,-2.731359,-5.470042,-2.722306,-0.7140719,-1.473624,-1.194551,-1.18082,-0.6534172,-0.5555482,-0.2733856,-0.1001134,-0.01940787,0.004855096,24,24,24,24,24,24,24,24,24,24,24,24,24,24,24,24
263,263000,-0.009485662,-0.449573,-2.967885,-2.667382,-5.250442,-2.620764,-0.6807486,-1.415835,-1.140028,-1.122267,-0.6135138,-0.5277708,-0.2494044,-0.09057879,-0.01940787,0.004855096,24,24,24,24,24,24,24,24,24,24,24,24,24,24,24,24
264,264000,-0.004742861,-0.474006,-2.914541,-2.628011,-5.08075,-2.557904,-0.6617067,-1.377309,-1.095418,-1.063714,-0.5885743,-0.4999934,-0.2398118,-0.0858115,-0.01455694,-2.920628E-06,24,24,24,24,24,24,24,24,24,24,24,24,24,24,24,24
265,265000,-0.009485662,-0.4935524,-2.832099,-2.559112,-4.891096,-2.475703,-0.6283833,-1.329152,-1.050808,-1.014919,-0.5586468,-0.472216,-0.2254232,-0.0858115,-0.00970608,0.004855096,24,24,24,24,24,24,24,24,24,24,24,24,24,24,24,24
266,266000,-0.009485662,-0.5130988,-2.764207,-2.500055,-4.711423,-2.408008,-0.6093414,-1.290627,-1.016112,-0.9612459,-0.5337073,-0.449994,-0.2158307,-0.08104414,-0.004855156,0.004855096,24,24,24,24,24,24,24,24,24,24,24,24,24,24,24,24
267,267000,-0.004742861,-0.5277586,-2.657518,-2.406549,-4.491823,-2.316136,-0.5807786,-1.237653,-0.9665455,-0.9173311,-0.4987918,-0.4277721,-0.1966457,-0.06674224,-0.00970608,-2.920628E-06,24,24,24,24,24,24,24,24,24,24,24,24,24,24,24,24
268,268000,-0.004742861,-0.5326452,-2.589625,-2.357336,-4.337104,-2.262947,-0.5617367,-1.208759,-0.9368056,-0.8734163,-0.4788402,-0.4055502,-0.182257,-0.06197494,-0.00970608,-2.920628E-06,24,24,24,24,24,24,24,24,24,24,24,24,24,24,24,24
269,269000,-0.009485662,-0.547305,-2.502335,-2.273672,-4.157431,-2.180746,-0.5379343,-1.160602,-0.9021091,-0.8295015,-0.4588886,-0.3833283,-0.1726645,-0.06197494,-0.00970608,0.004855096,24,24,24,24,24,24,24,24,24,24,24,24,24,24,24,24
270,270000,-0.009485662,-0.547305,-2.439291,-2.219537,-4.022676,-2.132392,-0.5236529,-1.136523,-0.8723694,-0.800225,-0.4389369,-0.3611063,-0.1678683,-0.05244029,-0.00970608,0.004855096,24,24,24,24,24,24,24,24,24,24,24,24,24,24,24,24
271,271000,-0.009485662,-0.5521916,-2.371399,-2.15556,-3.882931,-2.064698,-0.5046109,-1.097998,-0.8426296,-0.7611897,-0.4139973,-0.3499954,-0.1534796,-0.04767299,-0.004855156,0.004855096,24,24,24,24,24,24,24,24,24,24,24,24,24,24,24,24
272,272000,-0.004742861,-0.547305,-2.288957,-2.081739,-3.738194,-2.001838,-0.485569,-1.059472,-0.8128897,-0.7319132,-0.4040215,-0.3277735,-0.1486834,-0.04767299,-0.004855156,0.004855096,24,24,24,24,24,24,24,24,24,24,24,24,24,24,24,24
273,273000,-0.009485662,-0.547305,-2.225914,-2.027604,-3.618413,-1.943814,-0.4712876,-1.035393,-0.7881066,-0.7026367,-0.3790819,-0.311107,-0.1390909,-0.04290569,-4.291534E-06,-2.920628E-06,24,24,24,24,24,24,24,24,24,24,24,24,24,24,24,24
274,274000,-0.009485662,-0.5424184,-2.143473,-1.953783,-3.478667,-1.880954,-0.4522457,-0.9968676,-0.7583667,-0.6684808,-0.3691061,-0.299996,-0.1294984,-0.03813836,0.004846632,-2.920628E-06,24,24,24,24,24,24,24,24,24,24,24,24,24,24,24,24
275,275000,-0.004742861,-0.5375317,-2.08043,-1.90457,-3.363876,-1.827765,-0.4379643,-0.972789,-0.7335835,-0.6440836,-0.3491544,-0.2777741,-0.1199059,-0.03337106,-0.004855156,0.004855096,24,24,24,24,24,24,24,24,24,24,24,24,24,24,24,24
276,276000,-0.004742861,-0.5326452,-2.031935,-1.855356,-3.259067,-1.784247,-0.4284433,-0.9487105,-0.7088003,-0.624566,-0.3441665,-0.2666631,-0.1151097,-0.03337106,-0.004855156,0.004855096,24,24,24,24,24,24,24,24,24,24,24,24,24,24,24,24
277,277000,-0.009485662,-0.5277586,-1.964042,-1.796299,-3.149267,-1.731058,-0.4141619,-0.9198162,-0.6889738,-0.5952895,-0.3292027,-0.2555522,-0.1151097,-0.02860373,-4.291534E-06,0.004855096,24,24,24,24,24,24,24,24,24,24,24,24,24,24,24,24
278,278000,-0.004742861,0.004880816,-0.004849881,1.609325E-06,0,0,0.004758835,0.00480172,4.440546E-06,-0.5220982,0.004984736,-0.2166638,0,-2.086163E-07,-4.291534E-06,0.004855096,24,24,24,24,24,24,24,24,24,24,24,24,24,24,24,24
279,279000,-0.009485662,-5.781651E-06,2.160668E-07,1.609325E-06,0,-0.004835367,0.004758835,0.009617448,4.440546E-06,-0.4391482,0.004984736,-0.1666645,0,-2.086163E-07,-0.004855156,0.004855096,24,24,24,24,24,24,24,24,24,24,24,24,24,24,24,24
280,280000,-0.004742861,0.004880816,-0.004849881,1.609325E-06,0,0,0.004758835,0.009617448,0.004963309,-0.3610775,0.004984736,-0.1333316,-0.004796207,-2.086163E-07,0.004846632,0.004855096,24,24,24,24,24,24,24,24,24,24,24,24,24,24,24,24
281,281000,-0.004742861,0.009767443,-0.004849881,1.609325E-06,0,0,0.009517789,0.00480172,4.440546E-06,-0.2976451,0.004984736,-0.09999868,-0.004796207,-2.086163E-07,-4.291534E-06,0.004855096,24,24,24,24,24,24,24,24,24,24,24,24,24,24,24,24
